Date,t,Open,High,Low,Close,,
2/2/2021,1230,22.84,24.11,22.79,23.71,,
2/1/2021,1229,22.6,23.15,21.7,22.84,,
1/31/2021,1228,23.6,24.53,22.17,22.6,,
1/30/2021,1227,22.77,23.95,22.23,23.59,,
1/29/2021,1226,23.3,24.18,22.11,22.77,,
1/28/2021,1225,21.06,23.76,20.63,23.66,,
1/27/2021,1224,23.03,23.11,20.38,21.07,,
1/26/2021,1223,23.52,23.95,21.77,23.03,,
1/25/2021,1222,24.7,25.65,22.74,23.54,,
1/24/2021,1221,24.77,24.87,23.38,24.7,,
1/23/2021,1220,21.61,25.45,21.25,24.76,,
1/22/2021,1219,18.41,22.43,17.38,21.63,,
1/21/2021,1218,21.85,21.94,18.16,18.42,,
1/20/2021,1217,20.72,21.93,19.19,21.85,,
1/19/2021,1216,22.04,22.8,20.58,20.75,,
1/18/2021,1215,23.2,23.53,21.21,22.04,,
1/17/2021,1214,20.22,23.61,19.46,23.17,,
1/16/2021,1213,20.71,22.69,19.72,20.22,,
1/15/2021,1212,17.87,21.19,17.57,20.71,,
1/14/2021,1211,15.93,17.83,15.43,17.83,,
1/13/2021,1210,13.9,16.21,13.43,15.93,,
1/12/2021,1209,14.55,15.44,13.75,13.92,,
1/11/2021,1208,16.25,16.25,12.57,14.56,,
1/10/2021,1207,17.6,18.45,15.62,16.25,,
1/9/2021,1206,15.28,17.9,15.06,17.61,,
1/8/2021,1205,16.02,16.15,14.26,15.29,,
1/7/2021,1204,17.16,17.35,15.23,16.03,,
1/6/2021,1203,14.55,17.22,14.18,17.16,,
1/5/2021,1202,13.57,14.9,13.17,14.54,,
1/4/2021,1201,13.67,15.58,12.6,13.57,,
1/3/2021,1200,12.22,13.98,11.88,13.65,,
1/2/2021,1199,11.87,12.36,11.52,12.22,,
1/1/2021,1198,11.27,12.39,11.12,11.87,,
12/31/2020,1197,11.25,11.72,11,11.27,,
12/30/2020,1196,11.77,11.93,11.1,11.25,,
12/29/2020,1195,12.62,12.98,10.84,11.77,,
12/28/2020,1194,12.15,12.89,12.04,12.63,,
12/27/2020,1193,10.96,13.04,10.24,12.13,,
12/26/2020,1192,11.55,11.78,10.68,10.96,,
12/25/2020,1191,11.57,11.86,11.08,11.55,,
12/24/2020,1190,10.87,11.66,9.97,11.58,,
12/23/2020,1189,12.79,12.85,8.51,10.83,,
12/22/2020,1188,12.34,12.81,11.86,12.79,,
12/21/2020,1187,13.07,13.25,12.17,12.34,,
12/20/2020,1186,13.49,13.74,12.8,13.07,,
12/19/2020,1185,13.51,13.97,13.32,13.49,,
12/18/2020,1184,13.47,13.99,13.22,13.51,,
12/17/2020,1183,13.45,14.44,13.17,13.47,,
12/16/2020,1182,12.7,13.46,12.35,13.45,,
12/15/2020,1181,12.83,12.99,12.49,12.71,,
12/14/2020,1180,12.94,12.97,12.36,12.83,,
12/13/2020,1179,12.21,13.21,12.05,12.93,,
12/12/2020,1178,11.66,12.33,11.64,12.21,,
12/11/2020,1177,11.92,11.94,11.45,11.66,,
12/10/2020,1176,12.63,12.65,11.88,11.92,,
12/9/2020,1175,12.14,12.79,11.63,12.63,,
12/8/2020,1174,13.08,13.18,12.03,12.15,,
12/7/2020,1173,13.49,13.52,12.91,13.08,,
12/6/2020,1172,13.17,13.52,12.81,13.49,,
12/5/2020,1171,12.74,13.33,12.59,13.17,,
12/4/2020,1170,13.97,14.03,12.61,12.74,,
12/3/2020,1169,13.99,14.19,13.67,13.97,,
12/2/2020,1168,13.39,14.13,13.14,13.99,,
12/1/2020,1167,14.23,14.8,13.25,13.39,,
11/30/2020,1166,13.37,14.38,13.37,14.23,,
11/29/2020,1165,13.08,13.4,12.87,13.37,,
11/28/2020,1164,12.49,13.41,12.39,13.08,,
11/27/2020,1163,12.59,12.95,12.04,12.49,,
11/26/2020,1162,14.26,14.45,11.36,12.58,,
11/25/2020,1161,15.62,15.77,13.93,14.26,,
11/24/2020,1160,15.27,16.25,15.01,15.62,,
11/23/2020,1159,14.44,15.37,14.25,15.27,,
11/22/2020,1158,15.36,15.62,13.91,14.44,,
11/21/2020,1157,14.08,15.4,13.77,15.36,,
11/20/2020,1156,13.62,14.4,13.51,14.08,,
11/19/2020,1155,13.59,13.97,13.07,13.62,,
11/18/2020,1154,13.24,14.2,12.92,13.59,,
11/17/2020,1153,12.8,13.31,12.55,13.24,,
11/16/2020,1152,12.12,12.79,12.03,12.59,,
11/15/2020,1151,12.58,12.63,11.84,12.12,,
11/14/2020,1150,12.89,12.91,12.39,12.58,,
11/13/2020,1149,12.42,12.99,12.34,12.89,,
11/12/2020,1148,12.81,13.08,12.31,12.42,,
11/11/2020,1147,13,13.39,12.79,12.81,,
11/10/2020,1146,12.52,13.24,12.35,13,,
11/9/2020,1145,12.66,12.95,12.11,12.52,,
11/8/2020,1144,11.76,13,11.53,12.66,,
11/7/2020,1143,12.12,13.38,11.54,11.76,,
11/6/2020,1142,10.99,12.21,10.92,12.12,,
11/5/2020,1141,10.47,11.2,10.11,10.99,,
11/4/2020,1140,10.39,10.63,9.8,10.47,,
11/3/2020,1139,10.8,10.8,10.13,10.39,,
11/2/2020,1138,11.54,11.64,10.79,10.8,,
11/1/2020,1137,11.22,11.57,11.04,11.54,,
10/31/2020,1136,11.1,11.38,10.94,11.22,,
10/30/2020,1135,11.27,11.42,10.79,11.1,,
10/29/2020,1134,11.46,11.77,11.12,11.27,,
10/28/2020,1133,11.97,12.12,11.2,11.46,,
10/27/2020,1132,11.75,12.43,11.54,11.97,,
10/26/2020,1131,12.16,12.43,11.35,11.75,,
10/25/2020,1130,12.73,12.84,12.01,12.16,,
10/24/2020,1129,12.16,12.92,11.99,12.73,,
10/23/2020,1128,11.96,12.24,11.61,12.16,,
10/22/2020,1127,10.79,12.32,10.74,11.94,,
10/21/2020,1126,9.88,11.06,9.87,10.8,,
10/20/2020,1125,10.88,10.9,9.86,9.88,,
10/19/2020,1124,10.89,11.13,10.64,10.89,,
10/18/2020,1123,10.64,10.95,10.57,10.88,,
10/17/2020,1122,10.61,10.71,10.46,10.65,,
10/16/2020,1121,10.75,10.86,10.32,10.62,,
10/15/2020,1120,10.92,10.92,10.52,10.74,,
10/14/2020,1119,10.99,11.29,10.65,10.95,,
10/13/2020,1118,11.43,11.53,10.72,11,,
10/12/2020,1117,10.84,11.75,10.71,11.45,,
10/11/2020,1116,10.52,10.97,10.21,10.85,,
10/10/2020,1115,10.39,10.81,10.39,10.52,,
10/9/2020,1114,9.52,10.47,9.37,10.35,,
10/8/2020,1113,8.99,9.62,8.51,9.51,,
10/7/2020,1112,8.78,9.01,8.47,8.96,,
10/6/2020,1111,9.63,9.63,8.68,8.78,,
10/5/2020,1110,9.41,9.7,9.32,9.62,,
10/4/2020,1109,9.31,9.45,9.18,9.4,,
10/3/2020,1108,9.22,9.53,9.15,9.3,,
10/2/2020,1107,9.64,9.77,8.87,9.22,,
10/1/2020,1106,9.87,10.37,9.45,9.65,,
9/30/2020,1105,10.13,10.13,9.63,9.85,,
9/29/2020,1104,10.3,10.35,9.5,10.12,,
9/28/2020,1103,10.78,11,10.3,10.33,,
9/27/2020,1102,10.33,10.94,10,10.77,,
9/26/2020,1101,10.72,11,10.07,10.34,,
9/25/2020,1100,9.85,11.12,9.47,10.71,,
9/24/2020,1099,7.67,10.35,7.56,9.82,,
9/23/2020,1098,8.74,8.8,7.5,7.7,,
9/22/2020,1097,8.75,9.08,8.67,8.76,,
9/21/2020,1096,9.76,9.9,8.62,8.76,,
9/20/2020,1095,10.14,10.58,9.6,9.77,,
9/19/2020,1094,10.07,10.49,9.96,10.15,,
9/18/2020,1093,10.99,11.15,9.9,10.08,,
9/17/2020,1092,10.76,11.61,10.54,10.99,,
9/16/2020,1091,10.98,11.29,10.57,10.76,,
9/15/2020,1090,12.11,12.21,10.83,10.98,,
9/14/2020,1089,11.97,12.43,11.73,12.12,,
9/13/2020,1088,12.77,13.18,11.85,11.99,,
9/12/2020,1087,12.5,12.77,12.12,12.77,,
9/11/2020,1086,12.55,12.72,12.06,12.5,,
9/10/2020,1085,12.38,13.2,12.3,12.55,,
9/9/2020,1084,11.79,12.62,11.51,12.38,,
9/8/2020,1083,12.44,12.72,11.27,11.79,,
9/7/2020,1082,12.89,13.19,11.42,12.43,,
9/6/2020,1081,10.61,13.17,9.94,12.91,,
9/5/2020,1080,12.51,12.77,9.52,10.61,,
9/4/2020,1079,12.01,12.92,11.27,12.49,,
9/3/2020,1078,14.96,14.98,11.68,12.02,,
9/2/2020,1077,16.12,16.39,14.27,14.9,,
9/1/2020,1076,15.67,16.48,15.34,16.12,,
8/31/2020,1075,16.5,16.92,15.71,15.71,,
8/30/2020,1074,16.53,17.66,16.44,16.47,,
8/29/2020,1073,15.17,16.91,15.02,16.57,,
8/28/2020,1072,14.5,15.44,14.31,15.16,,
8/27/2020,1071,15.23,15.49,14.15,14.5,,
8/26/2020,1070,14.23,15.59,14.15,15.25,,
8/25/2020,1069,15.13,15.44,13.76,14.22,,
8/24/2020,1068,15.16,15.81,14.79,15.18,,
8/23/2020,1067,15.91,15.96,14.8,15.17,,
8/22/2020,1066,13.83,16.24,13.83,15.96,,
8/21/2020,1065,16.09,16.11,13.17,13.8,,
8/20/2020,1064,16.22,16.73,15.85,16.09,,
8/19/2020,1063,16.21,17.19,15.11,16.24,,
8/18/2020,1062,16.78,17.66,15.18,16.24,,
8/17/2020,1061,18.8,19.6,16.42,16.71,,
8/16/2020,1060,19.11,19.85,18.68,18.8,,
8/15/2020,1059,16.92,19.58,16.62,19.1,,
8/14/2020,1058,17.35,17.79,16.49,16.93,,
8/13/2020,1057,16.64,18.43,16.21,17.33,,
8/12/2020,1056,13.1,16.75,12.68,16.62,,
8/11/2020,1055,13.46,13.5,12.34,13.11,,
8/10/2020,1054,13.84,13.94,12.88,13.44,,
8/9/2020,1053,12.71,14.36,12.13,13.85,,
8/8/2020,1052,10.08,13.7,9.99,12.69,,
8/7/2020,1051,10.15,10.19,9.4,10.06,,
8/6/2020,1050,9.55,10.17,9.5,10.14,,
8/5/2020,1049,9.83,9.85,9.42,9.56,,
8/4/2020,1048,9.16,9.93,9.1,9.82,,
8/3/2020,1047,8.27,9.2,8.18,9.16,,
8/2/2020,1046,8.31,8.68,7.47,8.27,,
8/1/2020,1045,7.77,8.39,7.65,8.3,,
7/31/2020,1044,7.41,7.84,7.41,7.77,,
7/30/2020,1043,7.11,7.56,7.05,7.42,,
7/29/2020,1042,7.22,7.47,7.03,7.12,,
7/28/2020,1041,7.09,7.39,6.92,7.22,,
7/27/2020,1040,7.49,7.49,6.58,7.1,,
7/26/2020,1039,7.66,7.9,7.33,7.5,,
7/25/2020,1038,7.44,7.77,7.41,7.66,,
7/24/2020,1037,7.87,7.9,7.41,7.43,,
7/23/2020,1036,7.47,8.04,7.42,7.87,,
7/22/2020,1035,7.28,7.59,7.09,7.47,,
7/21/2020,1034,7.26,7.64,7.06,7.28,,
7/20/2020,1033,8.07,8.11,7.24,7.27,,
7/19/2020,1032,7.96,8.17,7.81,8.07,,
7/18/2020,1031,8.27,8.27,7.79,7.96,,
7/17/2020,1030,8.35,8.55,8.22,8.28,,
7/16/2020,1029,8.64,8.8,8.05,8.34,,
7/15/2020,1028,8.1,8.74,7.86,8.64,,
7/14/2020,1027,7.17,8.25,7.04,8.1,,
7/13/2020,1026,7.31,8.33,6.93,7.18,,
7/12/2020,1025,6.11,7.32,6.11,7.31,,
7/11/2020,1024,6.14,6.24,6,6.12,,
7/10/2020,1023,6.1,6.18,5.75,6.14,,
7/9/2020,1022,6.48,6.48,5.8,6.1,,
7/8/2020,1021,5.71,6.51,5.63,6.48,,
7/7/2020,1020,5.36,5.86,5.32,5.71,,
7/6/2020,1019,4.74,5.39,4.74,5.37,,
7/5/2020,1018,4.81,4.84,4.65,4.74,,
7/4/2020,1017,4.74,4.85,4.72,4.8,,
7/3/2020,1016,4.85,4.91,4.73,4.74,,
7/2/2020,1015,4.71,4.91,4.67,4.85,,
7/1/2020,1014,4.57,4.74,4.53,4.7,,
6/30/2020,1013,4.61,4.67,4.55,4.57,,
6/29/2020,1012,4.57,4.65,4.45,4.62,,
6/28/2020,1011,4.43,4.63,4.38,4.56,,
6/27/2020,1010,4.68,4.7,4.37,4.43,,
6/26/2020,1009,4.81,4.86,4.66,4.68,,
6/25/2020,1008,4.71,4.82,4.55,4.81,,
6/24/2020,1007,4.81,4.93,4.55,4.72,,
6/23/2020,1006,4.46,4.94,4.41,4.81,,
6/22/2020,1005,4.19,4.47,4.19,4.47,,
6/21/2020,1004,4.17,4.21,4.15,4.19,,
6/20/2020,1003,4.08,4.21,4.05,4.17,,
6/19/2020,1002,4.17,4.19,4.05,4.08,,
6/18/2020,1001,4.16,4.23,4.12,4.17,,
6/17/2020,1000,4.05,4.17,4,4.16,,
6/16/2020,999,3.93,4.08,3.9,4.05,,
6/15/2020,998,3.96,3.99,3.68,3.93,,
6/14/2020,997,4.11,4.12,3.96,3.96,,
6/13/2020,996,4.09,4.12,4.02,4.11,,
6/12/2020,995,3.98,4.18,3.89,4.09,,
6/11/2020,994,4.42,4.46,3.94,3.97,,
6/10/2020,993,4.45,4.45,4.34,4.42,,
6/9/2020,992,4.46,4.48,4.39,4.45,,
6/8/2020,991,4.35,4.46,4.33,4.46,,
6/7/2020,990,4.34,4.4,4.24,4.35,,
6/6/2020,989,4.38,4.41,4.33,4.34,,
6/5/2020,988,4.43,4.49,4.36,4.38,,
6/4/2020,987,4.49,4.51,4.32,4.43,,
6/3/2020,986,4.39,4.54,4.32,4.49,,
6/2/2020,985,4.38,4.61,4.22,4.39,,
6/1/2020,984,4.13,4.47,4.12,4.38,,
5/31/2020,983,4.17,4.26,4.06,4.13,,
5/30/2020,982,3.99,4.17,3.95,4.17,,
5/29/2020,981,4.03,4.11,3.96,3.99,,
5/28/2020,980,3.86,4.04,3.84,4.03,,
5/27/2020,979,3.84,3.92,3.82,3.86,,
5/26/2020,978,3.87,3.88,3.79,3.84,,
5/25/2020,977,3.83,3.9,3.8,3.87,,
5/24/2020,976,3.95,4.02,3.84,3.84,,
5/23/2020,975,4.07,4.1,3.93,3.96,,
5/22/2020,974,3.85,4.12,3.81,4.07,,
5/21/2020,973,4.07,4.15,3.77,3.85,,
5/20/2020,972,3.92,4.12,3.92,4.07,,
5/19/2020,971,3.88,3.92,3.79,3.92,,
5/18/2020,970,3.78,3.94,3.78,3.89,,
5/17/2020,969,3.76,3.84,3.76,3.78,,
5/16/2020,968,3.67,3.78,3.63,3.76,,
5/15/2020,967,3.8,3.84,3.65,3.67,,
5/14/2020,966,3.76,3.85,3.7,3.8,,
5/13/2020,965,3.69,3.8,3.67,3.76,,
5/12/2020,964,3.59,3.79,3.56,3.69,,
5/11/2020,963,3.76,3.82,3.41,3.59,,
5/10/2020,962,4.04,4.04,3.6,3.76,,
5/9/2020,961,3.82,4.18,3.8,4.04,,
5/8/2020,960,3.76,3.86,3.71,3.82,,
5/7/2020,959,3.64,3.83,3.58,3.75,,
5/6/2020,958,3.68,3.77,3.63,3.64,,
5/5/2020,957,3.77,3.8,3.68,3.69,,
5/4/2020,956,3.72,3.83,3.54,3.77,,
5/3/2020,955,3.82,3.87,3.67,3.72,,
5/2/2020,954,3.78,3.87,3.77,3.82,,
5/1/2020,953,3.72,3.91,3.72,3.78,,
4/30/2020,952,3.91,3.96,3.68,3.72,,
4/29/2020,951,3.68,3.96,3.65,3.91,,
4/28/2020,950,3.64,3.74,3.6,3.68,,
4/27/2020,949,3.72,3.74,3.5,3.64,,
4/26/2020,948,3.8,3.83,3.7,3.72,,
4/25/2020,947,3.8,3.89,3.78,3.8,,
4/24/2020,946,3.74,3.89,3.73,3.8,,
4/23/2020,945,3.68,3.82,3.63,3.73,,
4/22/2020,944,3.47,3.7,3.46,3.68,,
4/21/2020,943,3.45,3.58,3.43,3.48,,
4/20/2020,942,3.64,3.78,3.43,3.46,,
4/19/2020,941,3.78,3.81,3.59,3.64,,
4/18/2020,940,3.48,3.8,3.48,3.78,,
4/17/2020,939,3.47,3.53,3.41,3.48,,
4/16/2020,938,3.13,3.52,3.02,3.47,,
4/15/2020,937,3.24,3.31,3.13,3.13,,
4/14/2020,936,3.37,3.44,3.23,3.24,,
4/13/2020,935,3.47,3.47,3.31,3.37,,
4/12/2020,934,3.29,3.59,3.19,3.46,,
4/11/2020,933,3.22,3.42,3.09,3.28,,
4/10/2020,932,3.32,3.33,2.97,3.22,,
4/9/2020,931,3.14,3.45,3.13,3.32,,
4/8/2020,930,2.72,3.24,2.71,3.14,,
4/7/2020,929,2.52,2.87,2.52,2.72,,
4/6/2020,928,2.28,2.52,2.28,2.51,,
4/5/2020,927,2.33,2.33,2.26,2.28,,
4/4/2020,926,2.31,2.33,2.27,2.33,,
4/3/2020,925,2.3,2.38,2.29,2.31,,
4/2/2020,924,2.27,2.39,2.27,2.3,,
4/1/2020,923,2.27,2.3,2.16,2.28,,
3/31/2020,922,2.15,2.28,2.12,2.27,,
3/30/2020,921,2.02,2.18,2.02,2.15,,
3/29/2020,920,2.14,2.15,2.02,2.03,,
3/28/2020,919,2.18,2.18,2.07,2.14,,
3/27/2020,918,2.3,2.34,2.17,2.17,,
3/26/2020,917,2.26,2.3,2.23,2.3,,
3/25/2020,916,2.31,2.33,2.22,2.26,,
3/24/2020,915,2.23,2.36,2.2,2.31,,
3/23/2020,914,1.99,2.24,1.95,2.24,,
3/22/2020,913,2.27,2.31,1.96,1.99,,
3/21/2020,912,2.25,2.33,2.13,2.27,,
3/20/2020,911,2.25,2.6,2.09,2.25,,
3/19/2020,910,1.89,2.34,1.88,2.25,,
3/18/2020,909,1.84,1.91,1.78,1.89,,
3/17/2020,908,1.78,2.05,1.76,1.84,,
3/16/2020,907,2.11,2.11,1.6,1.78,,
3/15/2020,906,2.14,2.36,2.05,2.11,,
3/14/2020,905,2.43,2.5,2.1,2.14,,
3/13/2020,904,2.06,2.71,1.51,2.42,,
3/12/2020,903,3.82,3.83,1.97,2.06,,
3/11/2020,902,4.09,4.11,3.6,3.82,,
3/10/2020,901,4.09,4.2,3.95,4.08,,
3/9/2020,900,4.08,4.34,3.68,4.06,,
3/8/2020,899,4.35,4.43,3.9,4.09,,
3/7/2020,898,4.68,4.68,4.34,4.34,,
3/6/2020,897,4.72,4.75,4.57,4.68,,
3/5/2020,896,4.64,4.89,4.64,4.72,,
3/4/2020,895,4.58,4.95,4.56,4.64,,
3/3/2020,894,4.21,4.66,4.15,4.58,,
3/2/2020,893,3.88,4.31,3.83,4.22,,
3/1/2020,892,4.11,4.2,3.79,3.88,,
2/29/2020,891,4.16,4.35,4.11,4.11,,
2/28/2020,890,3.95,4.2,3.79,4.16,,
2/27/2020,889,3.6,4.11,3.46,3.95,,
2/26/2020,888,3.51,3.83,3.34,3.6,,
2/25/2020,887,3.91,3.95,3.51,3.51,,
2/24/2020,886,4.24,4.27,3.82,3.91,,
2/23/2020,885,4.11,4.36,4.09,4.24,,
2/22/2020,884,4.29,4.34,4.07,4.1,,
2/21/2020,883,4.27,4.48,4.21,4.29,,
2/20/2020,882,4.4,4.47,4.13,4.27,,
2/19/2020,881,4.55,4.82,4.36,4.4,,
2/18/2020,880,4.3,4.59,4.16,4.54,,
2/17/2020,879,4.49,4.55,3.88,4.3,,
2/16/2020,878,4.31,4.83,4.15,4.5,,
2/15/2020,877,4.41,4.61,4.11,4.3,,
2/14/2020,876,3.88,4.47,3.81,4.41,,
2/13/2020,875,4.02,4.09,3.77,3.87,,
2/12/2020,874,3.98,4.19,3.87,4.03,,
2/11/2020,873,3.41,3.98,3.36,3.98,,
2/10/2020,872,3.48,3.48,3.29,3.41,,
2/9/2020,871,3.41,3.48,3.27,3.48,,
2/8/2020,870,3.3,3.45,3.15,3.41,,
2/7/2020,869,2.88,3.35,2.88,3.31,,
2/6/2020,868,2.85,2.93,2.81,2.88,,
2/5/2020,867,2.74,2.87,2.73,2.85,,
2/4/2020,866,2.77,2.8,2.69,2.74,,
2/3/2020,865,2.83,2.86,2.76,2.77,,
2/2/2020,864,2.84,2.89,2.74,2.83,,
2/1/2020,863,2.82,2.87,2.76,2.84,,
1/31/2020,862,2.92,2.92,2.78,2.82,,
1/30/2020,861,2.78,2.94,2.72,2.91,,
1/29/2020,860,2.66,2.81,2.65,2.79,,
1/28/2020,859,2.61,2.67,2.6,2.66,,
1/27/2020,858,2.57,2.68,2.57,2.61,,
1/26/2020,857,2.46,2.57,2.44,2.57,,
1/25/2020,856,2.5,2.51,2.43,2.46,,
1/24/2020,855,2.47,2.53,2.37,2.5,,
1/23/2020,854,2.65,2.65,2.44,2.46,,
1/22/2020,853,2.68,2.69,2.63,2.65,,
1/21/2020,852,2.7,2.74,2.58,2.67,,
1/20/2020,851,2.62,2.74,2.55,2.7,,
1/19/2020,850,2.78,2.84,2.56,2.62,,
1/18/2020,849,2.72,2.79,2.6,2.77,,
1/17/2020,848,2.48,2.84,2.47,2.72,,
1/16/2020,847,2.41,2.5,2.3,2.48,,
1/15/2020,846,2.38,2.57,2.36,2.4,,
1/14/2020,845,2.19,2.45,2.18,2.39,,
1/13/2020,844,2.24,2.24,2.16,2.19,,
1/12/2020,843,2.28,2.31,2.23,2.25,,
1/11/2020,842,2.22,2.33,2.22,2.28,,
1/10/2020,841,2.19,2.26,2.16,2.22,,
1/9/2020,840,2.18,2.23,2.11,2.19,,
1/8/2020,839,2.11,2.33,2.11,2.18,,
1/7/2020,838,1.93,2.13,1.91,2.11,,
1/6/2020,837,1.81,1.94,1.81,1.94,,
1/5/2020,836,1.84,1.86,1.8,1.81,,
1/4/2020,835,1.81,1.85,1.79,1.84,,
1/3/2020,834,1.74,1.83,1.71,1.81,,
1/2/2020,833,1.81,1.82,1.72,1.74,,
1/1/2020,832,1.77,1.85,1.76,1.81,,
12/31/2019,831,1.84,1.84,1.76,1.77,,
12/30/2019,830,1.9,1.91,1.83,1.84,,
12/29/2019,829,1.87,1.92,1.86,1.9,,
12/28/2019,828,1.89,1.91,1.87,1.87,,
12/27/2019,827,1.86,1.95,1.85,1.89,,
12/26/2019,826,1.81,1.94,1.79,1.86,,
12/25/2019,825,1.86,1.86,1.79,1.8,,
12/24/2019,824,1.88,1.89,1.84,1.86,,
12/23/2019,823,1.94,1.96,1.86,1.88,,
12/22/2019,822,1.87,1.95,1.87,1.94,,
12/21/2019,821,1.92,1.93,1.87,1.87,,
12/20/2019,820,1.82,1.92,1.8,1.92,,
12/19/2019,819,1.88,1.89,1.75,1.82,,
12/18/2019,818,1.76,1.88,1.66,1.88,,
12/17/2019,817,1.98,2.01,1.72,1.76,,
12/16/2019,816,2.09,2.09,1.98,1.98,,
12/15/2019,815,2.01,2.12,1.98,2.09,,
12/14/2019,814,2.08,2.09,1.99,2.01,,
12/13/2019,813,2.12,2.13,2.07,2.08,,
12/12/2019,812,2.18,2.2,2.05,2.12,,
12/11/2019,811,2.27,2.3,2.15,2.18,,
12/10/2019,810,2.09,2.28,2.07,2.27,,
12/9/2019,809,2.06,2.09,2.02,2.09,,
12/8/2019,808,2.06,2.09,2.03,2.06,,
12/7/2019,807,2.09,2.11,2.05,2.06,,
12/6/2019,806,2.03,2.1,1.99,2.09,,
12/5/2019,805,2.05,2.11,1.97,2.03,,
12/4/2019,804,2.13,2.14,2.02,2.05,,
12/3/2019,803,2.09,2.2,2.05,2.13,,
12/2/2019,802,2.17,2.18,2.07,2.09,,
12/1/2019,801,2.24,2.24,2.14,2.17,,
11/30/2019,800,2.34,2.36,2.22,2.24,,
11/29/2019,799,2.28,2.36,2.27,2.34,,
11/28/2019,798,2.23,2.33,2.19,2.27,,
11/27/2019,797,2.26,2.29,2.14,2.23,,
11/26/2019,796,2.27,2.36,2.18,2.28,,
11/25/2019,795,2.26,2.38,2.06,2.28,,
11/24/2019,794,2.45,2.47,2.25,2.26,,
11/23/2019,793,2.35,2.46,2.27,2.45,,
11/22/2019,792,2.55,2.59,2.17,2.35,,
11/21/2019,791,2.71,2.71,2.48,2.55,,
11/20/2019,790,2.75,2.83,2.66,2.71,,
11/19/2019,789,2.82,2.86,2.61,2.76,,
11/18/2019,788,2.93,2.98,2.77,2.83,,
11/17/2019,787,3.01,3.01,2.9,2.93,,
11/16/2019,786,3.03,3.05,2.94,3.01,,
11/15/2019,785,3.06,3.08,2.86,3.04,,
11/14/2019,784,3.02,3.18,2.96,3.06,,
11/13/2019,783,2.81,3.08,2.79,3.02,,
11/12/2019,782,2.75,2.87,2.74,2.82,,
11/11/2019,781,2.78,2.78,2.69,2.75,,
11/10/2019,780,2.8,2.85,2.73,2.78,,
11/9/2019,779,2.72,2.86,2.71,2.8,,
11/8/2019,778,2.69,2.73,2.64,2.72,,
11/7/2019,777,2.74,2.75,2.63,2.69,,
11/6/2019,776,2.68,2.81,2.66,2.74,,
11/5/2019,775,2.68,2.7,2.64,2.68,,
11/4/2019,774,2.67,2.73,2.65,2.69,,
11/3/2019,773,2.71,2.72,2.65,2.67,,
11/2/2019,772,2.72,2.76,2.69,2.71,,
11/1/2019,771,2.74,2.8,2.66,2.72,,
10/31/2019,770,2.62,2.76,2.56,2.74,,
10/30/2019,769,2.67,2.68,2.53,2.62,,
10/29/2019,768,2.67,2.77,2.65,2.67,,
10/28/2019,767,2.68,2.89,2.67,2.67,,
10/27/2019,766,2.75,2.77,2.62,2.68,,
10/26/2019,765,2.84,2.99,2.67,2.75,,
10/25/2019,764,2.75,2.93,2.65,2.84,,
10/24/2019,763,2.62,2.79,2.61,2.75,,
10/23/2019,762,2.61,2.69,2.43,2.61,,
10/22/2019,761,2.63,2.82,2.58,2.61,,
10/21/2019,760,2.44,2.67,2.44,2.63,,
10/20/2019,759,2.36,2.44,2.3,2.44,,
10/19/2019,758,2.36,2.4,2.3,2.36,,
10/18/2019,757,2.42,2.51,2.34,2.36,,
10/17/2019,756,2.39,2.48,2.29,2.42,,
10/16/2019,755,2.4,2.42,2.2,2.39,,
10/15/2019,754,2.54,2.6,2.35,2.39,,
10/14/2019,753,2.5,2.67,2.47,2.54,,
10/13/2019,752,2.6,2.65,2.46,2.5,,
10/12/2019,751,2.78,2.78,2.57,2.61,,
10/11/2019,750,2.64,2.81,2.59,2.77,,
10/10/2019,749,2.81,2.81,2.5,2.64,,
10/9/2019,748,2.58,2.94,2.52,2.8,,
10/8/2019,747,2.4,2.63,2.28,2.58,,
10/7/2019,746,2.19,2.49,2.13,2.4,,
10/6/2019,745,1.97,2.27,1.96,2.19,,
10/5/2019,744,1.98,1.98,1.92,1.97,,
10/4/2019,743,1.95,2,1.91,1.98,,
10/3/2019,742,2.02,2.03,1.9,1.95,,
10/2/2019,741,1.84,2.02,1.83,2.02,,
10/1/2019,740,1.76,1.9,1.76,1.84,,
9/30/2019,739,1.72,1.77,1.65,1.76,,
9/29/2019,738,1.69,1.75,1.67,1.72,,
9/28/2019,737,1.67,1.71,1.66,1.69,,
9/27/2019,736,1.66,1.68,1.58,1.67,,
9/26/2019,735,1.76,1.76,1.56,1.66,,
9/25/2019,734,1.74,1.93,1.65,1.76,,
9/24/2019,733,1.81,2.06,1.59,1.74,,
9/23/2019,732,1.82,1.89,1.79,1.81,,
9/22/2019,731,1.89,1.89,1.78,1.82,,
9/21/2019,730,1.83,1.89,1.8,1.89,,
9/20/2019,729,1.88,1.88,1.77,1.83,,
9/19/2019,728,1.81,1.91,1.75,1.88,,
9/18/2019,727,1.63,1.85,1.63,1.81,,
9/17/2019,726,1.58,1.66,1.56,1.63,,
9/16/2019,725,1.62,1.64,1.55,1.58,,
9/15/2019,724,1.57,1.65,1.57,1.62,,
9/14/2019,723,1.58,1.64,1.54,1.57,,
9/13/2019,722,1.71,1.71,1.53,1.58,,
9/12/2019,721,1.74,1.75,1.68,1.71,,
9/11/2019,720,1.8,1.83,1.72,1.73,,
9/10/2019,719,1.79,1.83,1.79,1.8,,
9/9/2019,718,1.83,1.87,1.77,1.8,,
9/8/2019,717,1.78,1.9,1.78,1.83,,
9/7/2019,716,1.73,1.81,1.72,1.78,,
9/6/2019,715,1.8,1.82,1.71,1.73,,
9/5/2019,714,1.78,1.86,1.77,1.8,,
9/4/2019,713,1.85,1.86,1.75,1.79,,
9/3/2019,712,1.83,1.93,1.82,1.85,,
9/2/2019,711,1.77,1.89,1.74,1.83,,
9/1/2019,710,1.79,1.8,1.73,1.78,,
8/31/2019,709,1.8,1.85,1.75,1.79,,
8/30/2019,708,1.78,1.89,1.75,1.81,,
8/29/2019,707,1.9,1.9,1.75,1.78,,
8/28/2019,706,2.11,2.11,1.89,1.9,,
8/27/2019,705,2.08,2.16,2.03,2.11,,
8/26/2019,704,2.09,2.16,2.06,2.08,,
8/25/2019,703,2.18,2.19,2.04,2.09,,
8/24/2019,702,2.25,2.26,2.17,2.19,,
8/23/2019,701,2.23,2.31,2.19,2.25,,
8/22/2019,700,2.22,2.29,2.16,2.23,,
8/21/2019,699,2.38,2.39,2.17,2.22,,
8/20/2019,698,2.5,2.54,2.36,2.38,,
8/19/2019,697,2.5,2.59,2.45,2.51,,
8/18/2019,696,2.39,2.55,2.37,2.5,,
8/17/2019,695,2.32,2.4,2.31,2.39,,
8/16/2019,694,2.41,2.44,2.25,2.32,,
8/15/2019,693,2.28,2.43,2.22,2.41,,
8/14/2019,692,2.41,2.56,2.21,2.27,,
8/13/2019,691,2.38,2.44,2.32,2.41,,
8/12/2019,690,2.41,2.46,2.35,2.38,,
8/11/2019,689,2.32,2.47,2.28,2.4,,
8/10/2019,688,2.18,2.38,2.15,2.32,,
8/9/2019,687,2.29,2.3,2.17,2.18,,
8/8/2019,686,2.4,2.4,2.29,2.29,,
8/7/2019,685,2.46,2.49,2.37,2.39,,
8/6/2019,684,2.48,2.52,2.35,2.46,,
8/5/2019,683,2.5,2.63,2.48,2.48,,
8/4/2019,682,2.42,2.6,2.42,2.5,,
8/3/2019,681,2.4,2.72,2.34,2.43,,
8/2/2019,680,2.18,2.45,2.15,2.4,,
8/1/2019,679,2.2,2.23,2.12,2.18,,
7/31/2019,678,2.09,2.22,2.08,2.2,,
7/30/2019,677,2.14,2.18,2.01,2.09,,
7/29/2019,676,2.22,2.24,2.13,2.14,,
7/28/2019,675,2.26,2.29,2.13,2.22,,
7/27/2019,674,2.4,2.46,2.23,2.26,,
7/26/2019,673,2.38,2.43,2.35,2.4,,
7/25/2019,672,2.41,2.52,2.38,2.38,,
7/24/2019,671,2.37,2.46,2.3,2.41,,
7/23/2019,670,2.42,2.5,2.26,2.37,,
7/22/2019,669,2.55,2.59,2.4,2.43,,
7/21/2019,668,2.64,2.67,2.5,2.55,,
7/20/2019,667,2.61,2.72,2.6,2.64,,
7/19/2019,666,2.68,2.75,2.52,2.61,,
7/18/2019,665,2.38,2.79,2.35,2.68,,
7/17/2019,664,2.19,2.57,2.07,2.38,,
7/16/2019,663,2.73,2.77,2.18,2.2,,
7/15/2019,662,2.79,2.84,2.6,2.73,,
7/14/2019,661,3.17,3.24,2.78,2.79,,
7/13/2019,660,3.18,3.27,3.05,3.17,,
7/12/2019,659,2.83,3.27,2.67,3.17,,
7/11/2019,658,3.12,3.14,2.78,2.83,,
7/10/2019,657,3.11,3.22,2.88,3.12,,
7/9/2019,656,3.34,3.38,2.98,3.11,,
7/8/2019,655,3.31,3.55,3.27,3.34,,
7/7/2019,654,3.48,3.51,3.28,3.31,,
7/6/2019,653,3.63,3.63,3.46,3.48,,
7/5/2019,652,3.48,3.7,3.45,3.62,,
7/4/2019,651,3.53,3.62,3.31,3.48,,
7/3/2019,650,3.65,3.79,3.53,3.53,,
7/2/2019,649,3.59,3.82,3.23,3.65,,
7/1/2019,648,3.45,3.76,2.95,3.59,,
6/30/2019,647,3.71,4.09,3.39,3.45,,
6/29/2019,646,2.96,4.54,2.9,3.7,,
6/28/2019,645,2.27,2.98,2.17,2.96,,
6/27/2019,644,2.26,2.52,2.07,2.27,,
6/26/2019,643,2.19,2.42,2.01,2.26,,
6/25/2019,642,1.86,2.41,1.86,2.19,,
6/24/2019,641,1.8,1.88,1.79,1.86,,
6/23/2019,640,1.84,1.9,1.76,1.8,,
6/22/2019,639,1.69,1.93,1.69,1.84,,
6/21/2019,638,1.77,1.79,1.62,1.7,,
6/20/2019,637,1.84,1.88,1.69,1.77,,
6/19/2019,636,1.82,1.9,1.8,1.84,,
6/18/2019,635,1.97,2.02,1.77,1.82,,
6/17/2019,634,1.67,2.03,1.67,1.97,,
6/16/2019,633,1.72,1.78,1.62,1.67,,
6/15/2019,632,1.68,1.79,1.63,1.72,,
6/14/2019,631,1.85,1.88,1.47,1.68,,
6/13/2019,630,1.14,1.95,1.13,1.85,,
6/12/2019,629,1.14,1.16,1.11,1.14,,
6/11/2019,628,1.19,1.19,1.1,1.14,,
6/10/2019,627,1.07,1.19,1.06,1.19,,
6/9/2019,626,1.15,1.16,1.04,1.07,,
6/8/2019,625,1.18,1.2,1.14,1.15,,
6/7/2019,624,1.11,1.24,1.08,1.18,,
6/6/2019,623,1.08,1.24,1.06,1.12,,
6/5/2019,622,0.88,1.08,0.88,1.08,,
6/4/2019,621,0.91,0.93,0.86,0.88,,
6/3/2019,620,1.01,1.01,0.9,0.91,,
6/2/2019,619,0.97,1.04,0.95,1.01,,
6/1/2019,618,1.02,1.05,0.96,0.97,,
5/31/2019,617,1.02,1.05,0.96,1.02,,
5/30/2019,616,1.18,1.22,0.97,1.02,,
5/29/2019,615,1.28,1.28,1.16,1.18,,
5/28/2019,614,1.21,1.33,1.15,1.28,,
5/27/2019,613,1.09,1.27,1.09,1.21,,
5/26/2019,612,1.13,1.18,1.04,1.09,,
5/25/2019,611,1.34,1.34,1.11,1.13,,
5/24/2019,610,1.34,1.42,1.24,1.34,,
5/23/2019,609,1.22,1.36,1.17,1.34,,
5/22/2019,608,1.18,1.47,1.16,1.22,,
5/21/2019,607,1.12,1.23,1.07,1.19,,
5/20/2019,606,0.99,1.13,0.95,1.13,,
5/19/2019,605,0.94,1.04,0.93,0.99,,
5/18/2019,604,0.89,0.96,0.86,0.93,,
5/17/2019,603,0.93,0.98,0.82,0.89,,
5/16/2019,602,0.84,0.94,0.77,0.93,,
5/15/2019,601,0.83,0.88,0.79,0.85,,
5/14/2019,600,0.65,0.92,0.64,0.82,,
5/13/2019,599,0.66,0.68,0.64,0.65,,
5/12/2019,598,0.68,0.7,0.63,0.66,,
5/11/2019,597,0.67,0.73,0.65,0.68,,
5/10/2019,596,0.64,0.72,0.64,0.67,,
5/9/2019,595,0.59,0.7,0.59,0.64,,
5/8/2019,594,0.54,0.61,0.53,0.59,,
5/7/2019,593,0.58,0.61,0.54,0.54,,
5/6/2019,592,0.51,0.58,0.49,0.58,,
5/5/2019,591,0.5,0.52,0.49,0.51,,
5/4/2019,590,0.51,0.51,0.48,0.5,,
5/3/2019,589,0.46,0.52,0.46,0.51,,
5/2/2019,588,0.48,0.48,0.46,0.46,,
5/1/2019,587,0.47,0.49,0.47,0.48,,
4/30/2019,586,0.43,0.47,0.43,0.47,,
4/29/2019,585,0.45,0.45,0.43,0.43,,
4/28/2019,584,0.44,0.46,0.44,0.45,,
4/27/2019,583,0.44,0.46,0.43,0.44,,
4/26/2019,582,0.45,0.46,0.43,0.44,,
4/25/2019,581,0.48,0.5,0.44,0.45,,
4/24/2019,580,0.48,0.48,0.45,0.48,,
4/23/2019,579,0.5,0.5,0.48,0.48,,
4/22/2019,578,0.5,0.52,0.49,0.5,,
4/21/2019,577,0.52,0.52,0.48,0.5,,
4/20/2019,576,0.51,0.53,0.51,0.52,,
4/19/2019,575,0.52,0.54,0.51,0.51,,
4/18/2019,574,0.5,0.52,0.5,0.52,,
4/17/2019,573,0.5,0.51,0.49,0.5,,
4/16/2019,572,0.49,0.52,0.49,0.5,,
4/15/2019,571,0.53,0.53,0.49,0.49,,
4/14/2019,570,0.54,0.55,0.51,0.53,,
4/13/2019,569,0.5,0.54,0.49,0.54,,
4/12/2019,568,0.49,0.52,0.46,0.5,,
4/11/2019,567,0.52,0.52,0.46,0.49,,
4/10/2019,566,0.53,0.54,0.52,0.52,,
4/9/2019,565,0.57,0.57,0.53,0.53,,
4/8/2019,564,0.58,0.59,0.55,0.57,,
4/7/2019,563,0.57,0.59,0.57,0.58,,
4/6/2019,562,0.58,0.59,0.56,0.57,,
4/5/2019,561,0.54,0.58,0.54,0.58,,
4/4/2019,560,0.56,0.58,0.52,0.54,,
4/3/2019,559,0.58,0.61,0.55,0.57,,
4/2/2019,558,0.56,0.6,0.54,0.58,,
4/1/2019,557,0.51,0.56,0.5,0.56,,
3/31/2019,556,0.49,0.54,0.49,0.51,,
3/30/2019,555,0.5,0.52,0.48,0.49,,
3/29/2019,554,0.5,0.5,0.49,0.5,,
3/28/2019,553,0.5,0.52,0.49,0.5,,
3/27/2019,552,0.46,0.5,0.46,0.5,,
3/26/2019,551,0.48,0.48,0.45,0.46,,
3/25/2019,550,0.46,0.49,0.45,0.48,,
3/24/2019,549,0.46,0.46,0.45,0.46,,
3/23/2019,548,0.47,0.47,0.46,0.46,,
3/22/2019,547,0.46,0.47,0.45,0.47,,
3/21/2019,546,0.49,0.49,0.45,0.46,,
3/20/2019,545,0.49,0.49,0.48,0.49,,
3/19/2019,544,0.48,0.49,0.47,0.49,,
3/18/2019,543,0.48,0.49,0.47,0.48,,
3/17/2019,542,0.49,0.49,0.48,0.48,,
3/16/2019,541,0.49,0.5,0.48,0.49,,
3/15/2019,540,0.49,0.5,0.49,0.49,,
3/14/2019,539,0.48,0.5,0.48,0.49,,
3/13/2019,538,0.49,0.49,0.47,0.48,,
3/12/2019,537,0.47,0.51,0.46,0.49,,
3/11/2019,536,0.5,0.51,0.46,0.47,,
3/10/2019,535,0.48,0.55,0.47,0.5,,
3/9/2019,534,0.47,0.48,0.46,0.48,,
3/8/2019,533,0.46,0.51,0.46,0.47,,
3/7/2019,532,0.43,0.48,0.43,0.46,,
3/6/2019,531,0.43,0.44,0.42,0.43,,
3/5/2019,530,0.41,0.43,0.41,0.43,,
3/4/2019,529,0.42,0.43,0.4,0.41,,
3/3/2019,528,0.43,0.43,0.42,0.42,,
3/2/2019,527,0.43,0.44,0.42,0.43,,
3/1/2019,526,0.43,0.44,0.42,0.43,,
2/28/2019,525,0.43,0.45,0.42,0.43,,
2/27/2019,524,0.44,0.45,0.42,0.43,,
2/26/2019,523,0.47,0.48,0.44,0.44,,
2/25/2019,522,0.41,0.47,0.41,0.47,,
2/24/2019,521,0.46,0.46,0.4,0.41,,
2/23/2019,520,0.45,0.46,0.45,0.46,,
2/22/2019,519,0.44,0.46,0.44,0.45,,
2/21/2019,518,0.47,0.48,0.44,0.45,,
2/20/2019,517,0.46,0.47,0.45,0.47,,
2/19/2019,516,0.47,0.48,0.46,0.46,,
2/18/2019,515,0.46,0.48,0.45,0.47,,
2/17/2019,514,0.44,0.47,0.43,0.46,,
2/16/2019,513,0.43,0.44,0.43,0.44,,
2/15/2019,512,0.43,0.44,0.42,0.43,,
2/14/2019,511,0.44,0.45,0.42,0.43,,
2/13/2019,510,0.43,0.44,0.42,0.44,,
2/12/2019,509,0.43,0.43,0.42,0.43,,
2/11/2019,508,0.45,0.45,0.42,0.43,,
2/10/2019,507,0.46,0.48,0.44,0.45,,
2/9/2019,506,0.44,0.48,0.43,0.46,,
2/8/2019,505,0.4,0.44,0.4,0.44,,
2/7/2019,504,0.4,0.41,0.39,0.4,,
2/6/2019,503,0.42,0.42,0.39,0.4,,
2/5/2019,502,0.39,0.43,0.39,0.42,,
2/4/2019,501,0.4,0.41,0.39,0.39,,
2/3/2019,500,0.42,0.42,0.39,0.4,,
2/2/2019,499,0.42,0.43,0.4,0.41,,
2/1/2019,498,0.39,0.43,0.38,0.42,,
1/31/2019,497,0.43,0.44,0.39,0.39,,
1/30/2019,496,0.45,0.45,0.42,0.43,,
1/29/2019,495,0.41,0.46,0.41,0.46,,
1/28/2019,494,0.43,0.43,0.36,0.41,,
1/27/2019,493,0.47,0.47,0.43,0.43,,
1/26/2019,492,0.48,0.49,0.47,0.47,,
1/25/2019,491,0.51,0.52,0.48,0.48,,
1/24/2019,490,0.51,0.51,0.48,0.5,,
1/23/2019,489,0.54,0.55,0.51,0.51,,
1/22/2019,488,0.5,0.57,0.5,0.54,,
1/21/2019,487,0.49,0.52,0.48,0.5,,
1/20/2019,486,0.49,0.5,0.47,0.49,,
1/19/2019,485,0.5,0.5,0.48,0.49,,
1/18/2019,484,0.48,0.51,0.47,0.5,,
1/17/2019,483,0.5,0.5,0.47,0.48,,
1/16/2019,482,0.52,0.54,0.48,0.5,,
1/15/2019,481,0.49,0.56,0.47,0.52,,
1/14/2019,480,0.44,0.5,0.42,0.49,,
1/13/2019,479,0.41,0.45,0.38,0.44,,
1/12/2019,478,0.44,0.47,0.41,0.41,,
1/11/2019,477,0.36,0.46,0.35,0.44,,
1/10/2019,476,0.4,0.41,0.35,0.35,,
1/9/2019,475,0.43,0.44,0.4,0.4,,
1/8/2019,474,0.38,0.42,0.37,0.42,,
1/7/2019,473,0.4,0.41,0.37,0.38,,
1/6/2019,472,0.4,0.4,0.37,0.4,,
1/5/2019,471,0.44,0.44,0.39,0.4,,
1/4/2019,470,0.37,0.45,0.37,0.44,,
1/3/2019,469,0.32,0.37,0.32,0.37,,
1/2/2019,468,0.3,0.32,0.3,0.32,,
1/1/2019,467,0.29,0.3,0.29,0.3,,
12/31/2018,466,0.3,0.3,0.29,0.29,,
12/30/2018,465,0.3,0.31,0.3,0.3,,
12/29/2018,464,0.3,0.32,0.29,0.3,,
12/28/2018,463,0.28,0.3,0.26,0.3,,
12/27/2018,462,0.31,0.31,0.27,0.28,,
12/26/2018,461,0.32,0.32,0.3,0.31,,
12/25/2018,460,0.31,0.32,0.29,0.32,,
12/24/2018,459,0.31,0.33,0.3,0.31,,
12/23/2018,458,0.31,0.32,0.3,0.31,,
12/22/2018,457,0.3,0.31,0.29,0.31,,
12/21/2018,456,0.34,0.34,0.29,0.3,,
12/20/2018,455,0.3,0.35,0.29,0.34,,
12/19/2018,454,0.27,0.31,0.26,0.3,,
12/18/2018,453,0.23,0.27,0.23,0.27,,
12/17/2018,452,0.2,0.24,0.2,0.23,,
12/16/2018,451,0.2,0.22,0.2,0.21,,
12/15/2018,450,0.2,0.21,0.2,0.2,,
12/14/2018,449,0.21,0.21,0.2,0.2,,
12/13/2018,448,0.23,0.23,0.2,0.21,,
12/12/2018,447,0.22,0.24,0.22,0.23,,
12/11/2018,446,0.22,0.23,0.21,0.22,,
12/10/2018,445,0.24,0.24,0.22,0.22,,
12/9/2018,444,0.23,0.25,0.22,0.24,,
12/8/2018,443,0.22,0.24,0.21,0.23,,
12/7/2018,442,0.22,0.22,0.2,0.22,,
12/6/2018,441,0.26,0.27,0.22,0.22,,
12/5/2018,440,0.29,0.29,0.26,0.26,,
12/4/2018,439,0.29,0.31,0.28,0.29,,
12/3/2018,438,0.32,0.32,0.28,0.29,,
12/2/2018,437,0.33,0.34,0.32,0.32,,
12/1/2018,436,0.32,0.34,0.32,0.33,,
11/30/2018,435,0.34,0.39,0.31,0.32,,
11/29/2018,434,0.33,0.38,0.32,0.34,,
11/28/2018,433,0.29,0.35,0.29,0.33,,
11/27/2018,432,0.28,0.31,0.27,0.29,,
11/26/2018,431,0.26,0.28,0.24,0.28,,
11/25/2018,430,0.28,0.28,0.24,0.26,,
11/24/2018,429,0.33,0.34,0.26,0.28,,
11/23/2018,428,0.34,0.35,0.32,0.33,,
11/22/2018,427,0.37,0.38,0.34,0.34,,
11/21/2018,426,0.34,0.38,0.32,0.37,,
11/20/2018,425,0.41,0.42,0.32,0.34,,
11/19/2018,424,0.53,0.53,0.39,0.41,,
11/18/2018,423,0.49,0.53,0.48,0.52,,
11/17/2018,422,0.51,0.52,0.48,0.49,,
11/16/2018,421,0.54,0.54,0.51,0.51,,
11/15/2018,420,0.55,0.56,0.49,0.54,,
11/14/2018,419,0.58,0.61,0.49,0.55,,
11/13/2018,418,0.56,0.62,0.55,0.58,,
11/12/2018,417,0.51,0.57,0.5,0.56,,
11/11/2018,416,0.52,0.53,0.5,0.51,,
11/10/2018,415,0.49,0.53,0.49,0.52,,
11/9/2018,414,0.49,0.5,0.48,0.49,,
11/8/2018,413,0.48,0.52,0.48,0.5,,
11/7/2018,412,0.48,0.49,0.47,0.48,,
11/6/2018,411,0.48,0.49,0.46,0.48,,
11/5/2018,410,0.5,0.51,0.48,0.48,,
11/4/2018,409,0.54,0.54,0.49,0.5,,
11/3/2018,408,0.5,0.55,0.5,0.54,,
11/2/2018,407,0.52,0.52,0.5,0.5,,
11/1/2018,406,0.51,0.58,0.5,0.51,,
10/31/2018,405,0.45,0.53,0.44,0.51,,
10/30/2018,404,0.42,0.46,0.42,0.45,,
10/29/2018,403,0.44,0.44,0.4,0.42,,
10/28/2018,402,0.44,0.45,0.43,0.44,,
10/27/2018,401,0.43,0.46,0.42,0.44,,
10/26/2018,400,0.44,0.45,0.41,0.43,,
10/25/2018,399,0.41,0.44,0.4,0.44,,
10/24/2018,398,0.44,0.44,0.41,0.41,,
10/23/2018,397,0.39,0.48,0.39,0.44,,
10/22/2018,396,0.37,0.39,0.36,0.39,,
10/21/2018,395,0.37,0.38,0.37,0.37,,
10/20/2018,394,0.36,0.37,0.36,0.37,,
10/19/2018,393,0.38,0.38,0.36,0.36,,
10/18/2018,392,0.38,0.4,0.37,0.38,,
10/17/2018,391,0.36,0.38,0.35,0.38,,
10/16/2018,390,0.34,0.37,0.34,0.36,,
10/15/2018,389,0.33,0.35,0.32,0.34,,
10/14/2018,388,0.32,0.33,0.32,0.33,,
10/13/2018,387,0.31,0.32,0.31,0.32,,
10/12/2018,386,0.3,0.31,0.3,0.31,,
10/11/2018,385,0.35,0.35,0.3,0.3,,
10/10/2018,384,0.34,0.36,0.33,0.35,,
10/9/2018,383,0.34,0.34,0.33,0.34,,
10/8/2018,382,0.34,0.35,0.33,0.34,,
10/7/2018,381,0.34,0.34,0.33,0.34,,
10/6/2018,380,0.36,0.38,0.33,0.34,,
10/5/2018,379,0.32,0.37,0.32,0.36,,
10/4/2018,378,0.31,0.32,0.31,0.32,,
10/3/2018,377,0.32,0.32,0.31,0.31,,
10/2/2018,376,0.32,0.33,0.32,0.32,,
10/1/2018,375,0.33,0.33,0.32,0.33,,
9/30/2018,374,0.33,0.33,0.32,0.33,,
9/29/2018,373,0.33,0.33,0.33,0.33,,
9/28/2018,372,0.35,0.35,0.33,0.34,,
9/27/2018,371,0.34,0.35,0.33,0.35,,
9/26/2018,370,0.33,0.38,0.32,0.35,,
9/25/2018,369,0.33,0.35,0.32,0.33,,
9/24/2018,368,0.34,0.35,0.33,0.33,,
9/23/2018,367,0.34,0.35,0.33,0.34,,
9/22/2018,366,0.35,0.35,0.32,0.34,,
9/21/2018,365,0.35,0.37,0.34,0.35,,
9/20/2018,364,0.33,0.42,0.33,0.36,,
9/19/2018,363,0.29,0.34,0.29,0.33,,
9/18/2018,362,0.27,0.31,0.27,0.29,,
9/17/2018,361,0.27,0.28,0.26,0.27,,
9/16/2018,360,0.27,0.28,0.26,0.27,,
9/15/2018,359,0.27,0.28,0.27,0.27,,
9/14/2018,358,0.27,0.27,0.26,0.27,,
9/13/2018,357,0.25,0.28,0.25,0.27,,
9/12/2018,356,0.26,0.27,0.25,0.25,,
9/11/2018,355,0.25,0.27,0.24,0.26,,
9/10/2018,354,0.24,0.25,0.24,0.25,,
9/9/2018,353,0.24,0.26,0.23,0.24,,
9/8/2018,352,0.26,0.28,0.24,0.24,,
9/7/2018,351,0.27,0.29,0.26,0.26,,
9/6/2018,350,0.27,0.28,0.25,0.27,,
9/5/2018,349,0.3,0.3,0.27,0.27,,
9/4/2018,348,0.31,0.31,0.29,0.3,,
9/3/2018,347,0.31,0.31,0.29,0.3,,
9/2/2018,346,0.33,0.34,0.3,0.31,,
9/1/2018,345,0.33,0.33,0.32,0.33,,
8/31/2018,344,0.31,0.33,0.3,0.33,,
8/30/2018,343,0.31,0.31,0.29,0.31,,
8/29/2018,342,0.34,0.34,0.31,0.31,,
8/28/2018,341,0.34,0.34,0.33,0.34,,
8/27/2018,340,0.33,0.34,0.32,0.34,,
8/26/2018,339,0.32,0.34,0.31,0.33,,
8/25/2018,338,0.34,0.34,0.32,0.32,,
8/24/2018,337,0.32,0.34,0.31,0.34,,
8/23/2018,336,0.31,0.32,0.3,0.32,,
8/22/2018,335,0.31,0.35,0.3,0.31,,
8/21/2018,334,0.29,0.33,0.29,0.31,,
8/20/2018,333,0.3,0.31,0.29,0.29,,
8/19/2018,332,0.28,0.31,0.27,0.3,,
8/18/2018,331,0.29,0.3,0.26,0.27,,
8/17/2018,330,0.27,0.29,0.27,0.29,,
8/16/2018,329,0.26,0.28,0.25,0.27,,
8/15/2018,328,0.27,0.28,0.26,0.26,,
8/14/2018,327,0.26,0.27,0.23,0.27,,
8/13/2018,326,0.28,0.3,0.26,0.26,,
8/12/2018,325,0.27,0.29,0.26,0.28,,
8/11/2018,324,0.27,0.28,0.24,0.27,,
8/10/2018,323,0.28,0.31,0.27,0.27,,
8/9/2018,322,0.23,0.3,0.23,0.28,,
8/8/2018,321,0.23,0.24,0.22,0.23,,
8/7/2018,320,0.23,0.26,0.23,0.23,,
8/6/2018,319,0.25,0.26,0.23,0.24,,
8/5/2018,318,0.26,0.26,0.24,0.25,,
8/4/2018,317,0.29,0.29,0.25,0.26,,
8/3/2018,316,0.31,0.31,0.27,0.28,,
8/2/2018,315,0.29,0.32,0.29,0.31,,
8/1/2018,314,0.3,0.31,0.27,0.29,,
7/31/2018,313,0.31,0.31,0.26,0.29,,
7/30/2018,312,0.33,0.36,0.29,0.32,,
7/29/2018,311,0.28,0.35,0.28,0.33,,
7/28/2018,310,0.27,0.29,0.25,0.28,,
7/27/2018,309,0.25,0.28,0.25,0.27,,
7/26/2018,308,0.25,0.28,0.24,0.25,,
7/25/2018,307,0.2,0.26,0.2,0.24,,
7/24/2018,306,0.2,0.21,0.18,0.2,,
7/23/2018,305,0.2,0.21,0.2,0.2,,
7/22/2018,304,0.22,0.22,0.2,0.2,,
7/21/2018,303,0.22,0.22,0.2,0.22,,
7/20/2018,302,0.23,0.24,0.21,0.22,,
7/19/2018,301,0.24,0.24,0.23,0.23,,
7/18/2018,300,0.25,0.26,0.23,0.24,,
7/17/2018,299,0.22,0.25,0.22,0.25,,
7/16/2018,298,0.2,0.22,0.19,0.22,,
7/15/2018,297,0.2,0.2,0.19,0.2,,
7/14/2018,296,0.2,0.2,0.19,0.19,,
7/13/2018,295,0.2,0.22,0.2,0.2,,
7/12/2018,294,0.21,0.21,0.19,0.2,,
7/11/2018,293,0.21,0.22,0.2,0.21,,
7/10/2018,292,0.24,0.24,0.21,0.21,,
7/9/2018,291,0.25,0.25,0.23,0.24,,
7/8/2018,290,0.25,0.25,0.24,0.25,,
7/7/2018,289,0.23,0.26,0.23,0.25,,
7/6/2018,288,0.22,0.23,0.22,0.23,,
7/5/2018,287,0.23,0.24,0.22,0.22,,
7/4/2018,286,0.24,0.25,0.23,0.23,,
7/3/2018,285,0.25,0.26,0.24,0.24,,
7/2/2018,284,0.22,0.25,0.21,0.25,,
7/1/2018,283,0.23,0.23,0.21,0.22,,
6/30/2018,282,0.18,0.23,0.18,0.23,,
6/29/2018,281,0.17,0.18,0.16,0.18,,
6/28/2018,280,0.17,0.18,0.16,0.17,,
6/27/2018,279,0.17,0.18,0.17,0.17,,
6/26/2018,278,0.18,0.19,0.17,0.17,,
6/25/2018,277,0.19,0.19,0.18,0.18,,
6/24/2018,276,0.19,0.19,0.17,0.19,,
6/23/2018,275,0.19,0.2,0.18,0.19,,
6/22/2018,274,0.21,0.21,0.18,0.19,,
6/21/2018,273,0.22,0.23,0.21,0.21,,
6/20/2018,272,0.22,0.24,0.21,0.23,,
6/19/2018,271,0.21,0.22,0.21,0.22,,
6/18/2018,270,0.21,0.22,0.2,0.21,,
6/17/2018,269,0.22,0.23,0.21,0.21,,
6/16/2018,268,0.22,0.23,0.21,0.22,,
6/15/2018,267,0.24,0.24,0.22,0.22,,
6/14/2018,266,0.21,0.25,0.21,0.24,,
6/13/2018,265,0.23,0.23,0.2,0.21,,
6/12/2018,264,0.26,0.27,0.23,0.23,,
6/11/2018,263,0.24,0.26,0.24,0.26,,
6/10/2018,262,0.3,0.3,0.24,0.24,,
6/9/2018,261,0.3,0.31,0.29,0.3,,
6/8/2018,260,0.31,0.32,0.29,0.29,,
6/7/2018,259,0.33,0.33,0.3,0.31,,
6/6/2018,258,0.34,0.34,0.32,0.33,,
6/5/2018,257,0.34,0.34,0.32,0.34,,
6/4/2018,256,0.36,0.36,0.33,0.34,,
6/3/2018,255,0.37,0.37,0.36,0.36,,
6/2/2018,254,0.35,0.37,0.35,0.37,,
6/1/2018,253,0.34,0.36,0.34,0.35,,
5/31/2018,252,0.34,0.35,0.33,0.34,,
5/30/2018,251,0.35,0.36,0.33,0.34,,
5/29/2018,250,0.32,0.35,0.31,0.35,,
5/28/2018,249,0.35,0.35,0.31,0.32,,
5/27/2018,248,0.36,0.36,0.34,0.35,,
5/26/2018,247,0.34,0.38,0.34,0.36,,
5/25/2018,246,0.36,0.37,0.34,0.34,,
5/24/2018,245,0.35,0.36,0.33,0.36,,
5/23/2018,244,0.38,0.38,0.33,0.35,,
5/22/2018,243,0.42,0.43,0.38,0.38,,
5/21/2018,242,0.45,0.46,0.42,0.42,,
5/20/2018,241,0.45,0.47,0.45,0.45,,
5/19/2018,240,0.46,0.47,0.45,0.45,,
5/18/2018,239,0.44,0.47,0.43,0.46,,
5/17/2018,238,0.48,0.49,0.44,0.44,,
5/16/2018,237,0.5,0.51,0.47,0.48,,
5/15/2018,236,0.52,0.54,0.5,0.5,,
5/14/2018,235,0.5,0.52,0.47,0.52,,
5/13/2018,234,0.46,0.51,0.46,0.5,,
5/12/2018,233,0.47,0.48,0.44,0.46,,
5/11/2018,232,0.53,0.54,0.46,0.47,,
5/10/2018,231,0.54,0.58,0.53,0.53,,
5/9/2018,230,0.55,0.57,0.52,0.54,,
5/8/2018,229,0.58,0.61,0.55,0.55,,
5/7/2018,228,0.54,0.58,0.52,0.57,,
5/6/2018,227,0.57,0.58,0.52,0.54,,
5/5/2018,226,0.58,0.61,0.57,0.57,,
5/4/2018,225,0.57,0.6,0.55,0.58,,
5/3/2018,224,0.57,0.58,0.55,0.57,,
5/2/2018,223,0.55,0.58,0.54,0.56,,
5/1/2018,222,0.55,0.56,0.51,0.55,,
4/30/2018,221,0.52,0.6,0.5,0.54,,
4/29/2018,220,0.48,0.52,0.48,0.52,,
4/28/2018,219,0.45,0.49,0.45,0.48,,
4/27/2018,218,0.49,0.49,0.45,0.45,,
4/26/2018,217,0.44,0.49,0.43,0.49,,
4/25/2018,216,0.53,0.53,0.42,0.43,,
4/24/2018,215,0.49,0.54,0.49,0.54,,
4/23/2018,214,0.5,0.51,0.49,0.49,,
4/22/2018,213,0.49,0.51,0.48,0.5,,
4/21/2018,212,0.48,0.49,0.44,0.49,,
4/20/2018,211,0.48,0.49,0.46,0.48,,
4/19/2018,210,0.45,0.48,0.45,0.48,,
4/18/2018,209,0.42,0.45,0.42,0.45,,
4/17/2018,208,0.41,0.44,0.41,0.42,,
4/16/2018,207,0.42,0.43,0.4,0.41,,
4/15/2018,206,0.39,0.43,0.39,0.42,,
4/14/2018,205,0.38,0.42,0.38,0.39,,
4/13/2018,204,0.39,0.42,0.37,0.38,,
4/12/2018,203,0.36,0.39,0.34,0.39,,
4/11/2018,202,0.36,0.38,0.35,0.36,,
4/10/2018,201,0.32,0.36,0.31,0.36,,
4/9/2018,200,0.33,0.34,0.3,0.31,,
4/8/2018,199,0.31,0.33,0.3,0.33,,
4/7/2018,198,0.28,0.31,0.28,0.3,,
4/6/2018,197,0.29,0.29,0.27,0.28,,
4/5/2018,196,0.29,0.31,0.27,0.29,,
4/4/2018,195,0.3,0.3,0.27,0.29,,
4/3/2018,194,0.27,0.3,0.27,0.3,,
4/2/2018,193,0.26,0.28,0.26,0.27,,
4/1/2018,192,0.28,0.28,0.24,0.26,,
3/31/2018,191,0.29,0.3,0.28,0.28,,
3/30/2018,190,0.28,0.31,0.27,0.29,,
3/29/2018,189,0.35,0.35,0.28,0.28,,
3/28/2018,188,0.34,0.36,0.34,0.35,,
3/27/2018,187,0.37,0.37,0.34,0.34,,
3/26/2018,186,0.41,0.41,0.35,0.37,,
3/25/2018,185,0.41,0.42,0.39,0.41,,
3/24/2018,184,0.41,0.43,0.4,0.42,,
3/23/2018,183,0.42,0.43,0.38,0.41,,
3/22/2018,182,0.44,0.46,0.39,0.42,,
3/21/2018,181,0.39,0.46,0.39,0.45,,
3/20/2018,180,0.39,0.4,0.36,0.39,,
3/19/2018,179,0.37,0.39,0.35,0.38,,
3/18/2018,178,0.37,0.38,0.28,0.37,,
3/17/2018,177,0.42,0.42,0.37,0.37,,
3/16/2018,176,0.42,0.44,0.42,0.42,,
3/15/2018,175,0.44,0.44,0.4,0.42,,
3/14/2018,174,0.57,0.58,0.43,0.44,,
3/13/2018,173,0.51,0.57,0.5,0.56,,
3/12/2018,172,0.51,0.56,0.5,0.51,,
3/11/2018,171,0.47,0.52,0.45,0.51,,
3/10/2018,170,0.48,0.51,0.47,0.47,,
3/9/2018,169,0.49,0.49,0.43,0.48,,
3/8/2018,168,0.52,0.52,0.46,0.49,,
3/7/2018,167,0.53,0.57,0.46,0.52,,
3/6/2018,166,0.58,0.58,0.53,0.53,,
3/5/2018,165,0.59,0.61,0.58,0.59,,
3/4/2018,164,0.63,0.64,0.57,0.59,,
3/3/2018,163,0.65,0.67,0.62,0.63,,
3/2/2018,162,0.66,0.67,0.65,0.65,,
3/1/2018,161,0.66,0.68,0.65,0.66,,
2/28/2018,160,0.72,0.74,0.66,0.66,,
2/27/2018,159,0.69,0.74,0.68,0.72,,
2/26/2018,158,0.67,0.7,0.64,0.69,,
2/25/2018,157,0.65,0.7,0.64,0.68,,
2/24/2018,156,0.68,0.72,0.62,0.65,,
2/23/2018,155,0.6,0.68,0.57,0.67,,
2/22/2018,154,0.65,0.71,0.58,0.6,,
2/21/2018,153,0.7,0.73,0.62,0.65,,
2/20/2018,152,0.77,0.82,0.7,0.7,,
2/19/2018,151,0.76,0.88,0.71,0.77,,
2/18/2018,150,0.68,0.78,0.59,0.76,,
2/17/2018,149,0.64,0.68,0.64,0.67,,
2/16/2018,148,0.56,0.67,0.56,0.64,,
2/15/2018,147,0.57,0.58,0.53,0.57,,
2/14/2018,146,0.56,0.59,0.53,0.57,,
2/13/2018,145,0.49,0.62,0.48,0.57,,
2/12/2018,144,0.42,0.52,0.41,0.49,,
2/11/2018,143,0.42,0.44,0.38,0.42,,
2/10/2018,142,0.44,0.48,0.4,0.42,,
2/9/2018,141,0.41,0.44,0.39,0.44,,
2/8/2018,140,0.38,0.43,0.38,0.41,,
2/7/2018,139,0.43,0.44,0.37,0.38,,
2/6/2018,138,0.34,0.44,0.27,0.43,,
2/5/2018,137,0.43,0.44,0.31,0.34,,
2/4/2018,136,0.52,0.53,0.4,0.43,,
2/3/2018,135,0.5,0.54,0.45,0.52,,
2/2/2018,134,0.52,0.52,0.35,0.49,,
2/1/2018,133,0.62,0.62,0.48,0.52,,
1/31/2018,132,0.6,0.62,0.57,0.62,,
1/30/2018,131,0.7,0.7,0.56,0.6,,
1/29/2018,130,0.76,0.76,0.69,0.7,,
1/28/2018,129,0.79,0.86,0.75,0.76,,
1/27/2018,128,0.71,0.85,0.69,0.78,,
1/26/2018,127,0.76,0.79,0.68,0.71,,
1/25/2018,126,0.8,0.83,0.72,0.76,,
1/24/2018,125,0.8,0.83,0.77,0.79,,
1/23/2018,124,0.8,0.86,0.72,0.8,,
1/22/2018,123,0.91,1.02,0.73,0.8,,
1/21/2018,122,1.2,1.2,0.84,0.89,,
1/20/2018,121,0.82,1.22,0.81,1.22,,
1/19/2018,120,0.74,0.91,0.7,0.81,,
1/18/2018,119,0.7,0.82,0.69,0.74,,
1/17/2018,118,0.75,0.77,0.48,0.7,,
1/16/2018,117,0.88,0.88,0.52,0.76,,
1/15/2018,116,1.01,1.04,0.85,0.88,,
1/14/2018,115,1.11,1.15,0.94,1.01,,
1/13/2018,114,1.05,1.28,1.05,1.1,,
1/12/2018,113,1.03,1.14,0.99,1.05,,
1/11/2018,112,1.18,1.29,0.97,1.01,,
1/10/2018,111,1.24,1.26,1.09,1.19,,
1/9/2018,110,1.38,1.42,1.18,1.23,,
1/8/2018,109,1.27,1.44,1.05,1.38,,
1/7/2018,108,1.09,1.32,1.01,1.27,,
1/6/2018,107,0.96,1.19,0.94,1.06,,
1/5/2018,106,0.96,1.26,0.85,0.91,,
1/4/2018,105,0.68,1.02,0.68,0.98,,
1/3/2018,104,0.67,0.7,0.63,0.68,,
1/2/2018,103,0.73,0.76,0.59,0.67,,
1/1/2018,102,0.6,0.74,0.57,0.73,,
12/31/2017,101,0.56,0.61,0.52,0.6,,
12/30/2017,100,0.49,0.59,0.43,0.59,,
12/29/2017,99,0.51,0.52,0.46,0.49,,
12/28/2017,98,0.5,0.51,0.44,0.51,,
12/27/2017,97,0.52,0.53,0.46,0.51,,
12/26/2017,96,0.51,0.55,0.44,0.52,,
12/25/2017,95,0.55,0.58,0.49,0.5,,
12/24/2017,94,0.58,0.6,0.44,0.54,,
12/23/2017,93,0.44,0.72,0.44,0.58,,
12/22/2017,92,0.43,0.46,0.28,0.43,,
12/21/2017,91,0.38,0.47,0.37,0.42,,
12/20/2017,90,0.44,0.44,0.35,0.37,,
12/19/2017,89,0.43,0.51,0.42,0.44,,
12/18/2017,88,0.42,0.43,0.36,0.43,,
12/17/2017,87,0.34,0.44,0.34,0.42,,
12/16/2017,86,0.32,0.35,0.29,0.34,,
12/15/2017,85,0.31,0.35,0.26,0.32,,
12/14/2017,84,0.26,0.37,0.25,0.31,,
12/13/2017,83,0.23,0.29,0.22,0.26,,
12/12/2017,82,0.25,0.27,0.21,0.23,,
12/11/2017,81,0.26,0.29,0.25,0.26,,
12/10/2017,80,0.24,0.27,0.22,0.25,,
12/9/2017,79,0.25,0.27,0.23,0.24,,
12/8/2017,78,0.26,0.27,0.21,0.25,,
12/7/2017,77,0.28,0.31,0.24,0.26,,
12/6/2017,76,0.31,0.35,0.27,0.29,,
12/5/2017,75,0.23,0.31,0.22,0.31,,
12/4/2017,74,0.23,0.25,0.21,0.23,,
12/3/2017,73,0.21,0.26,0.19,0.23,,
12/2/2017,72,0.18,0.22,0.17,0.21,,
12/1/2017,71,0.17,0.18,0.16,0.18,,
11/30/2017,70,0.15,0.18,0.14,0.17,,
11/29/2017,69,0.18,0.18,0.14,0.15,,
11/28/2017,68,0.19,0.19,0.18,0.18,,
11/27/2017,67,0.18,0.19,0.17,0.18,,
11/26/2017,66,0.18,0.19,0.17,0.18,,
11/25/2017,65,0.19,0.19,0.17,0.18,,
11/24/2017,64,0.17,0.19,0.16,0.19,,
11/23/2017,63,0.17,0.19,0.16,0.16,,
11/22/2017,62,0.16,0.17,0.15,0.17,,
11/21/2017,61,0.16,0.17,0.15,0.16,,
11/20/2017,60,0.16,0.17,0.16,0.16,,
11/19/2017,59,0.17,0.17,0.16,0.16,,
11/18/2017,58,0.16,0.18,0.15,0.17,,
11/17/2017,57,0.17,0.17,0.15,0.16,,
11/16/2017,56,0.19,0.19,0.16,0.17,,
11/15/2017,55,0.19,0.19,0.18,0.19,,
11/14/2017,54,0.18,0.2,0.17,0.19,,
11/13/2017,53,0.17,0.21,0.17,0.18,,
11/12/2017,52,0.18,0.2,0.15,0.17,,
11/11/2017,51,0.19,0.2,0.17,0.18,,
11/10/2017,50,0.22,0.23,0.18,0.19,,
11/9/2017,49,0.22,0.25,0.2,0.22,,
11/8/2017,48,0.18,0.26,0.17,0.21,,
11/7/2017,47,0.17,0.18,0.16,0.18,,
11/6/2017,46,0.17,0.17,0.16,0.17,,
11/5/2017,45,0.18,0.18,0.17,0.17,,
11/4/2017,44,0.17,0.19,0.16,0.18,,
11/3/2017,43,0.16,0.19,0.16,0.17,,
11/2/2017,42,0.16,0.19,0.14,0.17,,
11/1/2017,41,0.19,0.19,0.16,0.16,,
10/31/2017,40,0.21,0.22,0.18,0.19,,
10/30/2017,39,0.2,0.21,0.2,0.21,,
10/29/2017,38,0.21,0.22,0.18,0.2,,
10/28/2017,37,0.22,0.23,0.2,0.21,,
10/27/2017,36,0.23,0.24,0.22,0.22,,
10/26/2017,35,0.25,0.25,0.22,0.23,,
10/25/2017,34,0.26,0.26,0.24,0.25,,
10/24/2017,33,0.24,0.29,0.24,0.25,,
10/23/2017,32,0.26,0.28,0.23,0.25,,
10/22/2017,31,0.26,0.29,0.25,0.26,,
10/21/2017,30,0.22,0.27,0.2,0.25,,
10/20/2017,29,0.3,0.32,0.22,0.22,,
10/19/2017,28,0.37,0.38,0.29,0.3,,
10/18/2017,27,0.4,0.4,0.33,0.37,,
10/17/2017,26,0.42,0.42,0.36,0.4,,
10/16/2017,25,0.42,0.53,0.39,0.42,,
10/15/2017,24,0.39,0.42,0.37,0.41,,
10/14/2017,23,0.43,0.46,0.39,0.39,,
10/13/2017,22,0.44,0.47,0.41,0.43,,
10/12/2017,21,0.45,0.48,0.42,0.44,,
10/11/2017,20,0.42,0.45,0.41,0.45,,
10/10/2017,19,0.38,0.43,0.36,0.41,,
10/9/2017,18,0.4,0.44,0.36,0.38,,
10/8/2017,17,0.46,0.47,0.36,0.4,,
10/7/2017,16,0.47,0.48,0.42,0.46,,
10/6/2017,15,0.41,0.49,0.4,0.48,,
10/5/2017,14,0.4,0.42,0.38,0.41,,
10/4/2017,13,0.34,0.4,0.34,0.4,,
10/3/2017,12,0.37,0.37,0.3,0.35,,
10/2/2017,11,0.44,0.44,0.36,0.36,,
10/1/2017,10,0.45,0.45,0.38,0.44,,
9/30/2017,9,0.31,0.47,0.3,0.45,,
9/29/2017,8,0.25,0.33,0.21,0.31,,
9/28/2017,7,0.19,0.28,0.19,0.24,,
9/27/2017,6,0.19,0.21,0.19,0.19,,
9/26/2017,5,0.18,0.22,0.18,0.2,,
9/25/2017,4,0.17,0.18,0.16,0.18,,
9/24/2017,3,0.13,0.19,0.13,0.17,,
9/23/2017,2,0.15,0.16,0.13,0.13,,
9/22/2017,1,0.17,0.18,0.14,0.15,,
9/21/2017,0,0.19,0.21,0.16,0.17,,
