Date,t,Open,High,Low,Close
2/2/2021,2005,1369.51,1542.99,1362.77,1515.19
2/1/2021,2004,1314.86,1373.85,1274.36,1369.04
1/31/2021,2003,1376.82,1378.92,1288.5,1314.99
1/30/2021,2002,1382.23,1402.4,1328.53,1376.12
1/29/2021,2001,1369.09,1428.98,1292.24,1382.52
1/28/2021,2000,1251.28,1321.61,1226.17,1298.1
1/27/2021,1999,1358.33,1368.07,1215.31,1253.19
1/26/2021,1998,1323.74,1376.09,1253.34,1357.06
1/25/2021,1997,1390.64,1467.78,1304.97,1324.41
1/24/2021,1996,1231.21,1395.11,1225.27,1391.61
1/23/2021,1995,1235.27,1272.15,1200.89,1230.99
1/22/2021,1994,1118.89,1271.69,1046.6,1236.51
1/21/2021,1993,1382.68,1382.68,1098.48,1121.57
1/20/2021,1992,1375.25,1405.74,1243.3,1382.27
1/19/2021,1991,1257.43,1432.3,1254.52,1377.3
1/18/2021,1990,1230.31,1259.45,1187.31,1257.28
1/17/2021,1989,1233.45,1265.64,1174.39,1230.17
1/16/2021,1988,1171.44,1290.05,1157.62,1233.54
1/15/2021,1987,1221.88,1250.51,1090.72,1171.83
1/14/2021,1986,1130.23,1244.16,1093.06,1218.45
1/13/2021,1985,1043.74,1134.34,994.55,1130.74
1/12/2021,1984,1088.53,1149.24,1012.76,1043.43
1/11/2021,1983,1261.62,1261.62,924.92,1090.15
1/10/2021,1982,1280.87,1347.93,1194.72,1262.25
1/9/2021,1981,1223.74,1303.87,1182.27,1281.08
1/8/2021,1980,1225.97,1273.83,1076.08,1224.2
1/7/2021,1979,1208.08,1282.58,1167.44,1225.68
1/6/2021,1978,1101,1209.43,1064.23,1207.11
1/5/2021,1977,1041.5,1129.37,986.81,1100.01
1/4/2021,1976,977.06,1153.19,912.31,1040.23
1/3/2021,1975,774.51,1006.57,771.56,975.51
1/2/2021,1974,730.4,786.8,718.11,774.53
1/1/2021,1973,737.71,749.2,719.79,730.37
12/31/2020,1972,751.63,754.3,726.51,737.8
12/30/2020,1971,731.47,754.3,720.99,751.62
12/29/2020,1970,730.36,737.95,692.15,731.52
12/28/2020,1969,683.21,745.88,683.21,730.4
12/27/2020,1968,635.89,711.39,628.33,682.64
12/26/2020,1967,626.5,650.72,617.4,635.84
12/25/2020,1966,611.55,633.06,605.42,626.41
12/24/2020,1965,584.14,613.82,568.6,611.61
12/23/2020,1964,634.82,637.12,560.36,583.71
12/22/2020,1963,609.42,635.08,589.55,634.85
12/21/2020,1962,638.32,646.85,600.84,609.82
12/20/2020,1961,659.19,659.92,625.01,638.29
12/19/2020,1960,654.62,668.77,646.62,659.3
12/18/2020,1959,642.92,662.7,632.36,654.81
12/17/2020,1958,636.15,673.83,628.75,642.87
12/16/2020,1957,589.38,636.64,582.04,636.18
12/15/2020,1956,586.02,596.25,580.63,589.36
12/14/2020,1955,589.78,590.49,577.12,586.01
12/13/2020,1954,568.61,593.78,564.57,589.66
12/12/2020,1953,545.58,573.34,545.25,568.57
12/11/2020,1952,559.68,560.38,537.81,545.8
12/10/2020,1951,573.5,574.6,549.78,559.68
12/9/2020,1950,554.79,577.29,533,573.48
12/8/2020,1949,591.9,594.75,552.47,554.83
12/7/2020,1948,601.8,602.92,585.43,591.84
12/6/2020,1947,596.57,606.79,584.41,601.91
12/5/2020,1946,569.35,596.6,563.11,596.6
12/4/2020,1945,616.72,618.98,569.28,569.35
12/3/2020,1944,598.46,622.45,588.35,616.71
12/2/2020,1943,587.26,604.02,578.74,598.35
12/1/2020,1942,615.07,635.16,571.75,587.32
11/30/2020,1941,575.76,615.24,571.54,614.84
11/29/2020,1940,538.26,576.6,531.99,575.76
11/28/2020,1939,517.6,548.04,508.13,538.23
11/27/2020,1938,519.11,530.78,497.24,517.49
11/26/2020,1937,570.51,575.64,485.5,518.8
11/25/2020,1936,603.9,605.09,559.67,570.69
11/24/2020,1935,608.52,621.17,593.84,603.9
11/23/2020,1934,558.06,609.99,551.27,608.45
11/22/2020,1933,549.49,579.37,514.52,558.07
11/21/2020,1932,509.74,550.23,504.24,549.49
11/20/2020,1931,471.63,513.61,471.63,509.74
11/19/2020,1930,479.48,480.12,465.7,471.63
11/18/2020,1929,480.35,492,465.83,479.48
11/17/2020,1928,464.41,482.23,460.78,480.36
11/16/2020,1927,447.56,463.83,445.5,459.94
11/15/2020,1926,460.15,460.99,440.25,447.56
11/14/2020,1925,474.63,475.16,452.99,460.15
11/13/2020,1924,461.01,475.22,457.3,474.63
11/12/2020,1923,462.96,467.68,452.07,461.01
11/11/2020,1922,449.68,473.58,449.52,462.96
11/10/2020,1921,444.17,453.76,439.6,449.68
11/9/2020,1920,453.57,457.35,435.16,444.16
11/8/2020,1919,435.72,457.78,433.15,453.55
11/7/2020,1918,454.72,465.68,428.46,435.71
11/6/2020,1917,414.07,456.2,412.98,454.72
11/5/2020,1916,402.14,417.53,397.25,414.07
11/4/2020,1915,387.6,407.67,377.83,402.14
11/3/2020,1914,383.16,389.52,371.31,387.6
11/2/2020,1913,396.36,403.24,381.02,383.16
11/1/2020,1912,386.59,397.12,385.17,396.36
10/31/2020,1911,382.82,393.01,381.3,386.59
10/30/2020,1910,386.73,391.46,375.09,382.82
10/29/2020,1909,388.65,393.23,381.29,386.73
10/28/2020,1908,404,408.96,381.15,388.65
10/27/2020,1907,393.89,409.77,390.61,404
10/26/2020,1906,406.22,411.28,383.78,393.89
10/25/2020,1905,412.46,417.16,405.35,406.22
10/24/2020,1904,409.77,416.6,407.85,412.46
10/23/2020,1903,414.05,418.96,403.08,409.77
10/22/2020,1902,391.49,420.14,391.28,413.77
10/21/2020,1901,369.06,400.63,368.73,392.19
10/20/2020,1900,379.72,380.76,367.6,369.14
10/19/2020,1899,378.47,383.32,373.7,379.94
10/18/2020,1898,368.73,378.6,368.13,378.21
10/17/2020,1897,366.02,369.77,364.49,368.86
10/16/2020,1896,377.87,380.02,362.6,366.23
10/15/2020,1895,379.19,381.21,371.35,377.44
10/14/2020,1894,381.97,387.3,374.18,379.48
10/13/2020,1893,387.14,387.38,375.58,381.19
10/12/2020,1892,374.8,395.12,366.64,387.73
10/11/2020,1891,370.93,377.25,369.83,375.14
10/10/2020,1890,365.4,378.27,365.35,370.97
10/9/2020,1889,351.11,368.31,348.21,365.59
10/8/2020,1888,342.04,352.21,335.65,350.77
10/7/2020,1887,340.94,342.45,334.55,341.81
10/6/2020,1886,353.96,354.99,338,340.82
10/5/2020,1885,352.74,355.21,349.68,353.96
10/4/2020,1884,346.6,354.05,345.13,352.58
10/3/2020,1883,346.22,351.31,344.67,346.52
10/2/2020,1882,352.95,354.12,336.47,346.24
10/1/2020,1881,360.31,369.26,346.48,353.21
9/30/2020,1880,360.04,361.18,353.33,359.94
9/29/2020,1879,354.36,360.35,352.15,359.76
9/28/2020,1878,357.93,366.43,354.55,355.16
9/27/2020,1877,354.96,361.98,349.83,357.44
9/26/2020,1876,352.35,355.85,348.11,355.49
9/25/2020,1875,349.41,357.77,339.02,352.18
9/24/2020,1874,320.99,351.46,318.55,349.36
9/23/2020,1873,344.59,344.67,318.97,321.12
9/22/2020,1872,341.72,346.6,336.86,344.5
9/21/2020,1871,371.4,375.74,336.07,341.79
9/20/2020,1870,385.6,385.6,367.09,371.05
9/19/2020,1869,384.04,387.08,378.72,385.54
9/18/2020,1868,389.34,391.9,376.96,384.36
9/17/2020,1867,365.87,393.9,364.8,389.02
9/16/2020,1866,364.74,372.77,356.68,365.81
9/15/2020,1865,377.15,381.51,363.61,364.84
9/14/2020,1864,365.7,384.49,357.57,377.27
9/13/2020,1863,387.52,388.96,354.34,365.57
9/12/2020,1862,374.6,387.54,367.84,387.18
9/11/2020,1861,368.12,376.63,355.58,374.7
9/10/2020,1860,351.43,377.39,351.11,368.1
9/9/2020,1859,337.82,359.16,332.16,351.11
9/8/2020,1858,353.2,355.56,328.82,337.6
9/7/2020,1857,353.45,358.21,326.25,352.67
9/6/2020,1856,335.33,359.76,319.04,353.36
9/5/2020,1855,388.04,394.17,316.77,335.26
9/4/2020,1854,384.67,402.41,371.64,388.24
9/3/2020,1853,440.24,449.53,381.13,385.67
9/2/2020,1852,477.01,480.33,424.46,440.04
9/1/2020,1851,434.87,487.21,432.08,477.05
8/31/2020,1850,428.51,438.56,419.77,435.08
8/30/2020,1849,399.62,428.66,399.61,428.4
8/29/2020,1848,395.69,405.62,393.04,399.92
8/28/2020,1847,382.63,397.76,381.27,395.87
8/27/2020,1846,386.61,395.35,374.87,382.63
8/26/2020,1845,383.98,391.87,378.71,386.47
8/25/2020,1844,408.07,408.53,374.36,384
8/24/2020,1843,391.68,409.39,389.31,408.14
8/23/2020,1842,395.56,396.49,385.04,391.38
8/22/2020,1841,389.03,396.47,382.81,395.84
8/21/2020,1840,416.15,418.64,387.44,389.13
8/20/2020,1839,406.76,418.73,404.03,416.44
8/19/2020,1838,423.74,427.02,396.68,406.46
8/18/2020,1837,429.67,432.58,419.67,423.67
8/17/2020,1836,433.97,442.73,422.65,429.53
8/16/2020,1835,433.35,436.27,415.09,433.79
8/15/2020,1834,437.56,441.75,429.87,433.35
8/14/2020,1833,428.68,444.58,423.35,437.4
8/13/2020,1832,390.84,432.9,379.71,428.74
8/12/2020,1831,380.06,391.31,367.92,391.02
8/11/2020,1830,395.89,398.48,370.86,380.38
8/10/2020,1829,391.04,399.38,391.04,395.89
8/9/2020,1828,395.31,399.74,385.83,391.12
8/8/2020,1827,379.55,393.99,377.35,393.99
8/7/2020,1826,395.23,398.25,367.94,379.51
8/6/2020,1825,401.58,403.49,392.6,394.96
8/5/2020,1824,389.71,406.3,386.22,401.59
8/4/2020,1823,386.16,400.7,382.99,389.88
8/3/2020,1822,371.13,396.51,369.34,386.3
8/2/2020,1821,385.55,411.23,357.14,370.67
8/1/2020,1820,345.8,388.85,343.59,385.2
7/31/2020,1819,334.63,348.61,329.34,345.55
7/30/2020,1818,318.14,338.63,315.75,334.59
7/29/2020,1817,316.56,324.38,313.11,318.19
7/28/2020,1816,321.83,325.91,307.72,316.66
7/27/2020,1815,309.66,330.7,309.66,321.51
7/26/2020,1814,303.69,316.39,300.27,309.64
7/25/2020,1813,279.03,306.74,279.03,304.06
7/24/2020,1812,274.72,286.19,269.24,279.22
7/23/2020,1811,262.39,277.58,261.05,274.69
7/22/2020,1810,245.04,262.99,242.48,262.19
7/21/2020,1809,236.3,246.19,235.68,245.02
7/20/2020,1808,238.49,239.58,234.85,236.15
7/19/2020,1807,235.46,239.16,233.28,238.49
7/18/2020,1806,232.86,236.54,232.32,235.48
7/17/2020,1805,233.69,234.42,232.11,232.77
7/16/2020,1804,238.45,239.01,231.62,233.64
7/15/2020,1803,240.14,241.4,237.1,238.42
7/14/2020,1802,239.98,242,237.8,240.21
7/13/2020,1801,242.18,244.31,238.23,239.6
7/12/2020,1800,239.46,243.31,237.77,242.13
7/11/2020,1799,241.04,241.53,238.33,239.46
7/10/2020,1798,242.87,242.88,236.73,240.98
7/9/2020,1797,246.75,247.29,239.9,243.02
7/8/2020,1796,239.16,248.31,238.4,246.67
7/7/2020,1795,240.97,242.68,234.22,239.08
7/6/2020,1794,227.69,242.13,227.03,241.51
7/5/2020,1793,228.98,229.86,224.54,227.66
7/4/2020,1792,225.29,230.05,225.13,229.07
7/3/2020,1791,229.32,229.63,224.91,225.39
7/2/2020,1790,231.29,232.4,225.46,229.39
7/1/2020,1789,226.13,232.76,224.84,231.11
6/30/2020,1788,227.97,229.48,224.82,226.31
6/29/2020,1787,225.36,229.9,222.25,228.19
6/28/2020,1786,222.91,228.6,219.47,225.35
6/27/2020,1785,229.63,232.49,220.56,222.96
6/26/2020,1784,232.88,233.9,229.26,229.67
6/25/2020,1783,235.7,236.05,230.3,232.94
6/24/2020,1782,244.19,248.51,232.81,235.77
6/23/2020,1781,242.54,244.86,239.76,244.14
6/22/2020,1780,229,243.78,228.93,242.53
6/21/2020,1779,229.22,232.36,228.49,228.99
6/20/2020,1778,226.98,231.45,226.64,229.27
6/19/2020,1777,231.95,232.15,226.8,227.14
6/18/2020,1776,232.9,234.57,228.95,232.1
6/17/2020,1775,234.49,235.95,229.34,233.03
6/16/2020,1774,229.76,236.39,228.43,234.42
6/15/2020,1773,234.06,234.24,221.24,229.93
6/14/2020,1772,238.97,239.1,232.96,234.11
6/13/2020,1771,237.54,239.19,235.89,238.91
6/12/2020,1770,231.63,239.35,229.65,237.49
6/11/2020,1769,247.55,249.89,229.94,231.7
6/10/2020,1768,244.82,248.65,242.82,247.44
6/9/2020,1767,246.18,248.34,242.34,244.91
6/8/2020,1766,245.18,246.64,241.54,246.31
6/7/2020,1765,241.91,245.44,236.33,245.17
6/6/2020,1764,241.2,245.98,239.72,241.93
6/5/2020,1763,244.35,247.33,240.68,241.22
6/4/2020,1762,244.11,245.93,236.77,244.43
6/3/2020,1761,237.4,244.18,235.46,244.18
6/2/2020,1760,246.83,252.22,233.23,237.22
6/1/2020,1759,230.86,248.24,230.49,246.99
5/31/2020,1758,242.35,244.05,230.05,230.98
5/30/2020,1757,220.72,243.94,218.74,242.35
5/29/2020,1756,219.93,224.22,218.24,220.68
5/28/2020,1755,208.89,220.28,206.24,219.84
5/27/2020,1754,201.89,208.86,201.79,208.86
5/26/2020,1753,205.26,205.75,200.26,201.9
5/25/2020,1752,201.98,206.36,200.67,205.32
5/24/2020,1751,208.72,210.6,202.37,202.37
5/23/2020,1750,207.19,210.39,205.29,208.69
5/22/2020,1749,199.84,208.59,198.04,207.17
5/21/2020,1748,210.13,211.63,193.35,199.88
5/20/2020,1747,213.45,214.72,207.98,210.1
5/19/2020,1746,214.6,214.6,210.14,213.45
5/18/2020,1745,207.18,215.91,207.11,214.53
5/17/2020,1744,200.61,209.16,200.1,207.16
5/16/2020,1743,195.61,202.77,194.5,200.68
5/15/2020,1742,202.96,203.57,193.76,195.62
5/14/2020,1741,198.89,204.12,196.87,202.95
5/13/2020,1740,189.37,200.2,189.13,199.19
5/12/2020,1739,185.88,191.6,185.7,189.31
5/11/2020,1738,188.63,191.36,180.72,185.91
5/10/2020,1737,211.55,211.55,182.71,188.6
5/9/2020,1736,213.14,214.74,209.07,211.6
5/8/2020,1735,212.2,216.33,208.83,212.99
5/7/2020,1734,203.91,214.39,202.07,212.29
5/6/2020,1733,206.48,211.53,204.04,204.06
5/5/2020,1732,208.01,211.78,204.03,206.77
5/4/2020,1731,210.89,211.83,199.05,208.17
5/3/2020,1730,215.35,219.27,208.69,210.93
5/2/2020,1729,214.23,215.85,212.88,215.33
5/1/2020,1728,207.9,217.63,207.78,214.22
4/30/2020,1727,216.91,227.53,206.44,207.6
4/29/2020,1726,198.47,218.45,198.12,216.97
4/28/2020,1725,197.27,198.79,194.85,198.42
4/27/2020,1724,197.48,199.55,193.45,197.22
4/26/2020,1723,195.41,199.34,194.77,197.32
4/25/2020,1722,189.21,196.79,188.46,195.52
4/24/2020,1721,185.22,190.21,185.22,189.24
4/23/2020,1720,182.62,189.09,180.34,185.03
4/22/2020,1719,172.67,183.75,171.83,182.6
4/21/2020,1718,172.02,175.18,170.55,172.74
4/20/2020,1717,181.48,186.08,170.32,172.3
4/19/2020,1716,186.86,188.1,180.12,181.61
4/18/2020,1715,171.62,187.94,171.62,186.91
4/17/2020,1714,172.28,174.28,169.75,171.64
4/16/2020,1713,153.2,173.16,150.36,172.16
4/15/2020,1712,157.57,160.71,152.8,153.29
4/14/2020,1711,156.36,160.94,155.87,157.6
4/13/2020,1710,160.72,160.75,151.61,156.28
4/12/2020,1709,158.23,164.52,156.32,161.14
4/11/2020,1708,158.54,161.17,155.3,158.22
4/10/2020,1707,170.83,170.95,154.91,158.41
4/9/2020,1706,172.76,172.9,167.99,170.81
4/8/2020,1705,165.24,173.21,164.49,172.64
4/7/2020,1704,169.15,175.2,164.2,165.1
4/6/2020,1703,143.61,169.27,143.54,169.14
4/5/2020,1702,145.26,146.13,142.1,143.55
4/4/2020,1701,142.22,145.38,140.12,145.22
4/3/2020,1700,142.11,146.9,139.62,142.09
4/2/2020,1699,135.73,146.79,135.73,142.03
4/1/2020,1698,133.61,135.63,129.73,135.63
3/31/2020,1697,132.82,134.27,131.65,133.59
3/30/2020,1696,125.58,133.91,125.29,132.9
3/29/2020,1695,131.02,131.17,125.45,125.58
3/28/2020,1694,134.03,134.03,126.96,130.99
3/27/2020,1693,138.37,139.9,133.94,133.94
3/26/2020,1692,136.19,138.83,134.89,138.36
3/25/2020,1691,138.91,141.4,134.3,136.2
3/24/2020,1690,135.19,141.95,133.17,138.76
3/23/2020,1689,123.37,134.91,121.87,134.91
3/22/2020,1688,132.85,136.15,122.91,123.32
3/21/2020,1687,133.1,135.97,127.16,132.82
3/20/2020,1686,136.65,150.85,122.61,132.74
3/19/2020,1685,114.84,140.53,114.73,136.59
3/18/2020,1684,113.86,116.02,111.74,114.84
3/17/2020,1683,110.41,118.99,110.41,113.94
3/16/2020,1682,125,125,105.17,110.61
3/15/2020,1681,123.25,132.24,121.85,125.21
3/14/2020,1680,133.58,134.48,122.41,123.31
3/13/2020,1679,112.69,137.43,95.18,133.2
3/12/2020,1678,194.74,195.15,111.21,112.35
3/11/2020,1677,200.77,202.95,184.36,194.87
3/10/2020,1676,202.86,205.71,198.06,200.77
3/9/2020,1675,201.32,207.45,192.27,201.99
3/8/2020,1674,237.78,237.78,200.6,200.69
3/7/2020,1673,243.75,249.98,237.55,237.85
3/6/2020,1672,229.17,243.55,228.74,243.53
3/5/2020,1671,224.64,234.36,224.64,229.27
3/4/2020,1670,224.57,228.04,222.09,224.52
3/3/2020,1669,230.52,232.33,221.73,224.48
3/2/2020,1668,218.71,232.81,217.28,230.57
3/1/2020,1667,219.75,226.68,214.13,218.97
2/29/2020,1666,226.83,232.26,219.85,219.85
2/28/2020,1665,226.99,234.21,216.35,226.76
2/27/2020,1664,225.69,237.23,212.66,226.75
2/26/2020,1663,247.74,249.65,221.27,225.68
2/25/2020,1662,265.28,265.43,246.86,247.82
2/24/2020,1661,273.71,275.54,259.63,265.22
2/23/2020,1660,262.28,273.75,261.96,273.75
2/22/2020,1659,265.55,266.39,258.91,262.33
2/21/2020,1658,257.89,267,255.69,265.6
2/20/2020,1657,259.82,263.7,250.95,257.95
2/19/2020,1656,282.04,283.54,259.76,259.76
2/18/2020,1655,266.51,283.2,261.46,281.94
2/17/2020,1654,259.89,266.87,244.34,266.36
2/16/2020,1653,264.9,272.88,242.48,259.89
2/15/2020,1652,284.56,287.12,264.28,264.73
2/14/2020,1651,268.02,285.06,262.76,284.22
2/13/2020,1650,265.05,273.74,258.92,268.1
2/12/2020,1649,235.9,272.4,235.9,265.41
2/11/2020,1648,223.38,236.55,218.62,235.85
2/10/2020,1647,228.55,229.18,218.08,223.52
2/9/2020,1646,222.98,229.86,222.98,228.58
2/8/2020,1645,222.51,226.59,215.39,223.15
2/7/2020,1644,212.32,223.14,212.3,222.73
2/6/2020,1643,204.13,214.6,201.9,212.34
2/5/2020,1642,189.3,206.8,188.75,204.23
2/4/2020,1641,189.86,191.11,185.4,189.25
2/3/2020,1640,188.61,193.44,188.01,189.87
2/2/2020,1639,183.53,193.08,180.17,188.62
2/1/2020,1638,180.11,183.85,179.75,183.67
1/31/2020,1637,184.74,185.41,176.3,180.16
1/30/2020,1636,174.92,186.26,172.37,184.69
1/29/2020,1635,176.35,178.84,175.05,175.05
1/28/2020,1634,170.88,176.37,170.74,176.37
1/27/2020,1633,168.01,172.92,166.9,170.93
1/26/2020,1632,161.18,168.22,160.28,168.08
1/25/2020,1631,163.07,163.23,158.63,161.28
1/24/2020,1630,162.9,164.31,156.75,163.05
1/23/2020,1629,168.3,168.31,160.3,162.93
1/22/2020,1628,169.61,171.01,166.77,168.29
1/21/2020,1627,167.06,169.91,165.82,169.7
1/20/2020,1626,166.9,169.11,162.33,167.12
1/19/2020,1625,175.47,177.25,163.68,166.97
1/18/2020,1624,170.75,178.53,166.79,175.37
1/17/2020,1623,164.49,173.07,162.78,170.78
1/16/2020,1622,166.33,167.06,159.71,164.39
1/15/2020,1621,165.73,170.43,161.11,166.23
1/14/2020,1620,144.25,167.68,144.06,165.96
1/13/2020,1619,146.22,146.79,142.91,144.23
1/12/2020,1618,143.03,146.15,142.71,145.87
1/11/2020,1617,143.41,146.48,142.21,142.93
1/10/2020,1616,138.97,144.17,135.52,143.96
1/9/2020,1615,141.16,141.39,136.24,138.98
1/8/2020,1614,143.49,146.83,138.27,141.26
1/7/2020,1613,144.31,145,140.49,143.54
1/6/2020,1612,136.31,144.33,136.08,144.3
1/5/2020,1611,135.07,139.41,135.05,136.28
1/4/2020,1610,134.17,136.05,133.04,135.07
1/3/2020,1609,127.41,134.55,126.49,134.17
1/2/2020,1608,130.82,130.82,126.95,127.41
1/1/2020,1607,129.63,132.84,129.2,130.8
12/31/2019,1606,132.61,133.73,128.8,129.61
12/30/2019,1605,134.8,136.76,131.55,132.63
12/29/2019,1604,128.27,136.81,128,134.76
12/28/2019,1603,127.21,130.26,126.9,128.32
12/27/2019,1602,126.37,128.1,124.82,127.21
12/26/2019,1601,126.49,130.9,125.41,126.36
12/25/2019,1600,129.07,129.07,124.89,126.45
12/24/2019,1599,128.63,131.67,127.31,129.06
12/23/2019,1598,132.31,134.73,127.42,128.61
12/22/2019,1597,128.1,133.16,127.93,132.37
12/21/2019,1596,129.1,129.15,127.61,128.13
12/20/2019,1595,129.38,129.76,126.99,129.07
12/19/2019,1594,133.05,134.19,125.97,129.32
12/18/2019,1593,122.66,133.39,119.78,133.09
12/17/2019,1592,133.65,134.01,121.4,122.6
12/16/2019,1591,143.14,143.22,132.46,133.61
12/15/2019,1590,142.86,143.93,139.43,143.11
12/14/2019,1589,144.95,145.53,142.43,142.87
12/13/2019,1588,145.66,145.86,143.75,144.94
12/12/2019,1587,143.62,145.75,141.44,145.6
12/11/2019,1586,146.32,147.14,143.05,143.61
12/10/2019,1585,148.18,148.56,144.91,146.27
12/9/2019,1584,151.22,151.91,147.62,148.23
12/8/2019,1583,148.74,152.39,148.31,151.26
12/7/2019,1582,149.2,149.8,148.37,148.77
12/6/2019,1581,149.4,149.67,147.61,149.19
12/5/2019,1580,146.69,153.16,145.46,149.25
12/4/2019,1579,147.92,150.68,145,146.75
12/3/2019,1578,149.06,150.31,146,147.96
12/2/2019,1577,151.18,152.12,147.61,149.06
12/1/2019,1576,152.49,152.49,147.07,151.19
11/30/2019,1575,155.29,156.69,151.23,152.54
11/29/2019,1574,151.77,156.85,151.46,155.3
11/28/2019,1573,153.07,156.61,151.09,151.72
11/27/2019,1572,148.4,154.89,143.53,153.01
11/26/2019,1571,146.4,150,145.22,148.97
11/25/2019,1570,142.7,150.21,133.8,146.48
11/24/2019,1569,153.43,153.97,142.83,142.83
11/23/2019,1568,150.21,154.1,147.6,153.42
11/22/2019,1567,161.51,163.03,142.34,150.27
11/21/2019,1566,175.67,176.21,159.37,161.46
11/20/2019,1565,177.42,178.99,175.29,175.7
11/19/2019,1564,180.5,182.53,175.2,177.46
11/18/2019,1563,185.04,186.93,179.18,180.56
11/17/2019,1562,183.35,188.19,182.34,185.12
11/16/2019,1561,180.5,184.16,179.99,183.35
11/15/2019,1560,186.06,186.25,179.38,180.52
11/14/2019,1559,188.27,188.63,184.99,186
11/13/2019,1558,186.94,189.33,185.94,188.26
11/12/2019,1557,185.56,187.95,184.19,186.84
11/11/2019,1556,189.5,190.34,185.09,185.49
11/10/2019,1555,184.94,190.92,184.69,189.48
11/9/2019,1554,184.31,185.84,183.9,185.03
11/8/2019,1553,187.92,188.82,182.54,184.21
11/7/2019,1552,191.5,191.86,186.57,187.98
11/6/2019,1551,189.11,193.55,188.67,191.59
11/5/2019,1550,186.31,191.26,184.33,189.3
11/4/2019,1549,182.32,188.02,181.82,186.36
11/3/2019,1548,183.99,185.02,179.82,182.43
11/2/2019,1547,184.02,185.71,182.8,183.93
11/1/2019,1546,183.8,185.06,181.09,183.97
10/31/2019,1545,184.8,188.75,180.07,183.97
10/30/2019,1544,190.34,191.11,181.55,184.69
10/29/2019,1543,182.67,191.85,182.36,190.34
10/28/2019,1542,184.4,187.88,180.25,182.66
10/27/2019,1541,179.93,188.16,177.68,184.24
10/26/2019,1540,181.67,195.94,176.13,179.84
10/25/2019,1539,162.19,183,161.97,181.52
10/24/2019,1538,162.51,164.15,160.89,162.17
10/23/2019,1537,172.26,172.42,157.46,162.4
10/22/2019,1536,174.91,175.65,172.27,172.3
10/21/2019,1535,175.52,177.74,173.29,174.92
10/20/2019,1534,172.97,176.72,171.21,175.53
10/19/2019,1533,173.65,175.61,172.22,172.91
10/18/2019,1532,177.99,178.18,171.01,173.62
10/17/2019,1531,175.91,178.9,174.57,178.03
10/16/2019,1530,181.34,181.67,174.06,176.01
10/15/2019,1529,186.98,187.76,179.46,181.41
10/14/2019,1528,182.03,187.3,181.66,186.96
10/13/2019,1527,180.86,185.08,180.32,182.08
10/12/2019,1526,182.53,186.3,179.98,180.83
10/11/2019,1525,191.8,195.32,181.66,182.57
10/10/2019,1524,193.19,193.9,188.31,191.66
10/9/2019,1523,182.04,194.3,180.67,193.29
10/8/2019,1522,181.11,184.36,179.13,182.02
10/7/2019,1521,172.94,182.36,171.53,181.19
10/6/2019,1520,176.36,177.36,171.3,173.06
10/5/2019,1519,176.95,177.71,173.07,176.35
10/4/2019,1518,175.24,178.55,173.56,176.99
10/3/2019,1517,180.7,180.8,172.6,175.2
10/2/2019,1516,177.22,180.83,175.33,180.71
10/1/2019,1515,180.21,185.05,175.81,177.34
9/30/2019,1514,170.46,179.87,167.04,179.87
9/29/2019,1513,174.61,175.21,167,170.5
9/28/2019,1512,174.68,175.78,170.77,174.57
9/27/2019,1511,166.65,175.61,163.21,174.71
9/26/2019,1510,170.76,171.69,157.13,166.73
9/25/2019,1509,168.13,174.72,164.91,170.89
9/24/2019,1508,201.84,203.5,162.73,168.11
9/23/2019,1507,211.71,211.84,201.89,201.92
9/22/2019,1506,215.49,216.09,207.64,211.55
9/21/2019,1505,217.9,220.96,215,215.52
9/20/2019,1504,221.07,221.6,215.16,218.05
9/19/2019,1503,211.25,222.87,204.69,221.28
9/18/2019,1502,208.05,216.71,208.05,211.39
9/17/2019,1501,197.11,213.73,196.72,208.61
9/16/2019,1500,189.69,198.2,189.69,197.11
9/15/2019,1499,188.07,190.4,186.45,189.79
9/14/2019,1498,181.32,188.45,180.37,188.11
9/13/2019,1497,180.98,181.5,178.58,181.11
9/12/2019,1496,178.8,182,177.85,181.02
9/11/2019,1495,179.84,181.76,176.5,178.73
9/10/2019,1494,181.21,184.06,178.12,179.79
9/9/2019,1493,181.36,184.15,177.42,181.15
9/8/2019,1492,178.28,182.98,178.14,181.36
9/7/2019,1491,169.96,180.85,169.44,178.26
9/6/2019,1490,174.17,177.72,168.34,169.96
9/5/2019,1489,175.97,176.16,171.75,174.22
9/4/2019,1488,179.49,180.14,175.33,175.99
9/3/2019,1487,178.36,182.35,175.97,179.5
9/2/2019,1486,171.7,180.15,170.45,178.35
9/1/2019,1485,172.46,173.7,169.53,171.63
8/31/2019,1484,168.89,174.32,167.8,172.47
8/30/2019,1483,169.49,170.77,167.07,168.83
8/29/2019,1482,173.96,174,167.17,169.52
8/28/2019,1481,187.5,187.93,172.19,173.89
8/27/2019,1480,188.95,188.96,185.47,187.52
8/26/2019,1479,186.74,193.44,186.74,188.93
8/25/2019,1478,191.23,192.16,184.96,186.84
8/24/2019,1477,194.67,194.78,187.63,191.29
8/23/2019,1476,191.11,195.91,189.56,194.71
8/22/2019,1475,186.94,194.42,183.38,191.33
8/21/2019,1474,196.62,197.03,182.69,186.89
8/20/2019,1473,202.81,203.02,195.62,196.57
8/19/2019,1472,194.56,203.56,193.11,203.09
8/18/2019,1471,185.84,197.52,183.69,194.49
8/17/2019,1470,185.53,186.7,182.59,185.69
8/16/2019,1469,188.64,188.91,180.38,185.44
8/15/2019,1468,186.68,189.46,178.14,188.5
8/14/2019,1467,208.6,209.07,186.33,186.61
8/13/2019,1466,211.34,211.38,205.42,208.71
8/12/2019,1465,216.06,216.14,210.95,211.29
8/11/2019,1464,206.73,216.6,206.51,216.09
8/10/2019,1463,210.53,213.73,203.79,206.73
8/9/2019,1462,220.91,221.36,208.25,210.49
8/8/2019,1461,226.52,226.77,216.52,220.94
8/7/2019,1460,225.93,229.66,222.78,226.39
8/6/2019,1459,234.25,239.12,223.55,226.02
8/5/2019,1458,222.65,235.64,222.6,234.22
8/4/2019,1457,222.58,224.23,218.49,222.67
8/3/2019,1456,217.9,224.62,217.33,222.49
8/2/2019,1455,217.88,222.18,215.98,217.87
8/1/2019,1454,218.55,218.81,212.91,217.81
7/31/2019,1453,210.49,218.65,210.44,218.65
7/30/2019,1452,211.34,213.61,206.87,210.52
7/29/2019,1451,211.12,213.93,208.76,211.27
7/28/2019,1450,207.41,212.04,202.25,211.19
7/27/2019,1449,219.62,223.52,204.9,207.41
7/26/2019,1448,219.63,220.24,214.13,219.63
7/25/2019,1447,216.97,224.25,216.14,219.62
7/24/2019,1446,212.55,217.54,203.89,217.05
7/23/2019,1445,217.57,218.52,209.64,212.73
7/22/2019,1444,225.7,226.86,213.45,217.56
7/21/2019,1443,229.17,229.86,219.03,225.63
7/20/2019,1442,221.41,234.2,221.19,229.12
7/19/2019,1441,226.66,226.94,215.84,221.33
7/18/2019,1440,211.44,229.24,208.04,226.57
7/17/2019,1439,199.07,217.98,193.99,211.48
7/16/2019,1438,229.75,234.51,197.38,199.19
7/15/2019,1437,227.97,235.03,210.39,229.78
7/14/2019,1436,269.28,269.64,227.27,227.58
7/13/2019,1435,276.29,276.69,263.07,269.46
7/12/2019,1434,268.69,278.86,268,276.28
7/11/2019,1433,289.95,290.02,266.09,268.7
7/10/2019,1432,308.85,313.07,285.57,290
7/9/2019,1431,313.33,318.22,305.29,308.88
7/8/2019,1430,305.73,314.27,303.5,313.25
7/7/2019,1429,287.6,310.14,286.11,305.7
7/6/2019,1428,287.89,295.99,286.67,287.55
7/5/2019,1427,284.38,293.92,282.69,288
7/4/2019,1426,303.03,303.96,282.77,284.52
7/3/2019,1425,291.76,303.34,291.4,303.1
7/2/2019,1424,293.54,295.66,272.6,291.6
7/1/2019,1423,290.27,301.03,280.02,293.64
6/30/2019,1422,319.58,322.79,290.7,290.7
6/29/2019,1421,311.28,322.04,294.75,320.06
6/28/2019,1420,294.14,313.03,292.94,311.23
6/27/2019,1419,336.96,343.43,278.57,294.27
6/26/2019,1418,317.99,361.4,315.95,336.75
6/25/2019,1417,310.68,318.13,307.64,318.13
6/24/2019,1416,307.72,312.33,299.56,310.42
6/23/2019,1415,309.42,318.57,305.76,307.83
6/22/2019,1414,295.12,315.19,294.73,309.38
6/21/2019,1413,271.74,295.3,271.74,294.91
6/20/2019,1412,269.41,274.07,265.5,271.7
6/19/2019,1411,265.06,270.33,264.75,269.43
6/18/2019,1410,274.32,274.32,263.14,265.05
6/17/2019,1409,269.09,275.44,268.35,274.35
6/16/2019,1408,268.9,278.14,265.54,269.22
6/15/2019,1407,263.93,271.51,262.12,269.02
6/14/2019,1406,256.18,265.37,254.15,264.09
6/13/2019,1405,260.91,262.16,255.6,256.17
6/12/2019,1404,245.93,261.02,244.49,260.9
6/11/2019,1403,247.86,248.66,239.83,245.78
6/10/2019,1402,232.83,247.66,229.34,247.52
6/9/2019,1401,245.54,245.97,229.26,233.09
6/8/2019,1400,251.25,252.38,243.23,245.74
6/7/2019,1399,249.34,254.35,246.6,250.93
6/6/2019,1398,246.93,249.94,238.5,249.47
6/5/2019,1397,241.5,248.14,239.98,247.05
6/4/2019,1396,252.51,252.51,236.13,241.34
6/3/2019,1395,270.09,270.33,251.26,252.61
6/2/2019,1394,265.51,272.81,265.04,270.23
6/1/2019,1393,268.43,273.56,263.52,265.39
5/31/2019,1392,256.02,268.66,249.11,268.11
5/30/2019,1391,269.55,287.2,247.35,255.86
5/29/2019,1390,271.78,273.76,263.09,269.46
5/28/2019,1389,272.59,274.32,267.51,271.77
5/27/2019,1388,267.14,278.51,265.44,272.86
5/26/2019,1387,251.72,269.17,247.25,267.07
5/25/2019,1386,249.69,257.36,249.09,251.76
5/24/2019,1385,245.99,255.26,243.24,249.48
5/23/2019,1384,244.67,247.62,233.79,245.97
5/22/2019,1383,255,258.8,242.73,244.7
5/21/2019,1382,251.65,262.11,248.2,255.22
5/20/2019,1381,261.27,261.55,241.8,251.86
5/19/2019,1380,234.45,263.74,233.76,261.29
5/18/2019,1379,243.91,246.36,233.1,234.6
5/17/2019,1378,263.85,266.98,227.77,243.76
5/16/2019,1377,246.94,275.39,245.8,264.01
5/15/2019,1376,217.01,247.45,216.82,247.15
5/14/2019,1375,196.74,217.87,196.05,217.15
5/13/2019,1374,187.42,205.1,185.31,196.85
5/12/2019,1373,194.16,201.88,183.65,187.33
5/11/2019,1372,173.14,203.47,173.14,194.3
5/10/2019,1371,170.31,175.89,168.99,173.14
5/9/2019,1370,170.95,172.88,167.25,170.29
5/8/2019,1369,169.9,172.18,166.41,170.95
5/7/2019,1368,172.43,180.39,169.69,169.8
5/6/2019,1367,163.34,175.76,159.99,172.65
5/5/2019,1366,164.02,165.4,159.7,163.45
5/4/2019,1365,167.89,170.65,161.79,164.03
5/3/2019,1364,162.08,170.07,161.08,167.95
5/2/2019,1363,160.85,162.94,160.06,162.12
5/1/2019,1362,162.19,164.06,159.66,160.82
4/30/2019,1361,155.17,162.43,155.17,162.17
4/29/2019,1360,157.29,158.33,153.19,155.2
4/28/2019,1359,158.5,159.57,157.13,157.3
4/27/2019,1358,156.27,160.59,155.62,158.43
4/26/2019,1357,154.58,158.03,152.09,156.35
4/25/2019,1356,165.91,166.51,153.85,154.46
4/24/2019,1355,171.35,171.57,161.98,165.83
4/23/2019,1354,172.01,176.85,170.9,171.45
4/22/2019,1353,170.02,173.07,168.73,171.87
4/21/2019,1352,173.72,174.42,167.43,170.05
4/20/2019,1351,173.72,176.71,171.79,173.75
4/19/2019,1350,173.79,173.98,170.62,173.71
4/18/2019,1349,166.91,175.37,166.67,173.81
4/17/2019,1348,167.55,168.94,165.5,166.95
4/16/2019,1347,161.53,167.67,160.89,167.62
4/15/2019,1346,167.9,168.82,159.56,161.57
4/14/2019,1345,164.48,168.59,162.78,167.84
4/13/2019,1344,164.62,166.36,163.01,164.51
4/12/2019,1343,165.34,166.13,161.03,164.74
4/11/2019,1342,177.34,177.49,162.32,165.5
4/10/2019,1341,176.07,183.13,175.23,177.34
4/9/2019,1340,180.22,180.25,175.09,176.11
4/8/2019,1339,174.45,184.38,174.16,180.26
4/7/2019,1338,165.98,175.21,164.93,174.53
4/6/2019,1337,165.51,172.52,161.8,165.95
4/5/2019,1336,158.02,167.22,157.44,165.51
4/4/2019,1335,161.43,164.93,155.24,158.05
4/3/2019,1334,164.01,178.32,157.32,161.46
4/2/2019,1333,141.84,165.23,141.64,163.96
4/1/2019,1332,141.47,142.73,140.74,141.83
3/31/2019,1331,142.14,142.19,140.7,141.51
3/30/2019,1330,142.36,149.61,141.03,142.09
3/29/2019,1329,139.34,142.55,138.05,142.5
3/28/2019,1328,141.01,141.01,138.43,139.42
3/27/2019,1327,135.45,141.08,135.34,140.99
3/26/2019,1326,135.05,135.46,133.76,135.46
3/25/2019,1325,137.08,137.7,133.49,135.03
3/24/2019,1324,138.32,138.38,136.31,136.99
3/23/2019,1323,137.04,139.39,136.91,138.24
3/22/2019,1322,136.56,138.79,136.23,137.18
3/21/2019,1321,140.48,141,135.86,136.64
3/20/2019,1320,140.48,140.95,138.31,140.69
3/19/2019,1319,139.25,140.99,139.14,140.52
3/18/2019,1318,140.1,142.27,138.84,139.37
3/17/2019,1317,142.24,142.37,139.32,140
3/16/2019,1316,137.91,144.56,137.91,142.4
3/15/2019,1315,133.57,138.4,133.57,137.69
3/14/2019,1314,133.2,135.18,132.75,133.71
3/13/2019,1313,134.61,134.61,132.72,133.26
3/12/2019,1312,134.01,135.27,130.94,134.44
3/11/2019,1311,136.85,137.35,133.1,133.83
3/10/2019,1310,138.18,138.27,135.69,136.76
3/9/2019,1309,134.89,139.12,134.68,137.97
3/8/2019,1308,138.31,139.5,133.56,135.13
3/7/2019,1307,138.94,140.86,137.27,138.03
3/6/2019,1306,137.96,139.97,136.15,138.79
3/5/2019,1305,127.79,138.23,126.74,137.82
3/4/2019,1304,132.16,132.73,125.4,127.77
3/3/2019,1303,134.79,135.85,131.33,132.25
3/2/2019,1302,136.35,137.18,132.44,134.21
3/1/2019,1301,136.84,139,136.43,136.44
2/28/2019,1300,136.28,138.85,135.66,136.75
2/27/2019,1299,138.03,141.34,131.6,136.13
2/26/2019,1298,139.65,139.98,136.58,138.09
2/25/2019,1297,135.5,142.53,135.48,139.82
2/24/2019,1296,158.9,165.55,135.85,135.85
2/23/2019,1295,148.68,159.13,147.33,158.8
2/22/2019,1294,146.07,149.27,145.21,149.09
2/21/2019,1293,149.35,149.35,144.56,146.13
2/20/2019,1292,145.17,149.55,142.5,149.55
2/19/2019,1291,146.4,149.93,145.13,145.35
2/18/2019,1290,133.03,147.69,133,146.1
2/17/2019,1289,123.18,134.46,123.09,133.6
2/16/2019,1288,122.4,124.13,122.3,123.26
2/15/2019,1287,121.45,123.66,121.37,122.1
2/14/2019,1286,122.42,124.45,121.33,121.39
2/13/2019,1285,122.54,125.55,121.61,122.55
2/12/2019,1284,121.18,123.47,119.6,122.57
2/11/2019,1283,124.87,124.87,120.31,121.3
2/10/2019,1282,119.41,124.85,117.11,124.81
2/9/2019,1281,119.21,120.69,118,119.43
2/8/2019,1280,104.65,119.81,104.19,119.27
2/7/2019,1279,104.84,106.06,104.41,104.54
2/6/2019,1278,107.57,107.57,102.93,104.92
2/5/2019,1277,107.63,108.13,106.91,107.44
2/4/2019,1276,107.63,108.7,107.07,107.82
2/3/2019,1275,110.49,110.83,106.56,107.49
2/2/2019,1274,107.47,110.65,106.76,110.43
2/1/2019,1273,107.15,108.64,105.05,107.61
1/31/2019,1272,108.9,110.46,106.53,107.06
1/30/2019,1271,105.41,109.45,104.84,108.91
1/29/2019,1270,106.72,107.17,104,105.6
1/28/2019,1269,113.29,113.69,103.34,106.59
1/27/2019,1268,116.51,116.69,113.41,113.41
1/26/2019,1267,116.37,118.08,115.98,116.49
1/25/2019,1266,117.59,117.8,115.83,116.38
1/24/2019,1265,117.46,118.03,116.01,117.36
1/23/2019,1264,118.71,119.42,116.38,117.45
1/22/2019,1263,117.11,119.66,114.68,118.75
1/21/2019,1262,119.64,119.72,116.16,117.16
1/20/2019,1261,124.63,125.07,118.7,119.47
1/19/2019,1260,121.61,125.9,121.16,124.52
1/18/2019,1259,123.65,123.84,120.24,121.01
1/17/2019,1258,123.57,124.27,120.82,123.74
1/16/2019,1257,121.81,127.12,121.44,123.55
1/15/2019,1256,129.17,130.74,120.31,122.03
1/14/2019,1255,116.98,130.86,116.97,129.07
1/13/2019,1254,125.91,126.27,116.09,116.9
1/12/2019,1253,127.53,128.67,125.45,125.97
1/11/2019,1252,127.81,130.17,125.24,127.55
1/10/2019,1251,150.84,152.15,126.53,128.63
1/9/2019,1250,150.55,153.62,150.29,150.8
1/8/2019,1249,151.97,153.63,148.67,150.36
1/7/2019,1248,157.81,158.45,151.15,151.7
1/6/2019,1247,155.8,159.37,152.09,157.75
1/5/2019,1246,154.34,160.82,154.34,155.64
1/4/2019,1245,148.91,156.88,147.91,154.58
1/3/2019,1244,155.2,155.86,147.2,149.14
1/2/2019,1243,141.52,156.93,140.65,155.05
1/1/2019,1242,133.42,141.4,132.65,140.82
12/31/2018,1241,140.03,140.18,132.52,133.37
12/30/2018,1240,137.63,140.69,133.98,139.86
12/29/2018,1239,138.47,147.03,134.57,138.02
12/28/2018,1238,116.9,137.65,115.69,137.65
12/27/2018,1237,131.92,132.68,115.65,116.58
12/26/2018,1236,129.89,136.68,126.29,131.87
12/25/2018,1235,141,141,125.11,129.84
12/24/2018,1234,130.64,157.67,130.64,140.24
12/23/2018,1233,117.27,133.08,117.27,130.77
12/22/2018,1232,109.46,116.76,107.5,116.76
12/21/2018,1231,115.84,119.09,107.58,109.5
12/20/2018,1230,101.09,117.17,100.64,116.22
12/19/2018,1229,101.68,108.55,100.69,101.27
12/18/2018,1228,95.11,101.32,92.97,101.11
12/17/2018,1227,85.38,96.81,85.38,95.13
12/16/2018,1226,84.47,87.57,84.47,85.26
12/15/2018,1225,84.28,85.34,82.83,84.44
12/14/2018,1224,86.63,87.14,83.23,84.31
12/13/2018,1223,90.66,91.11,85.52,86.54
12/12/2018,1222,88.61,92.24,88.26,90.59
12/11/2018,1221,91.58,92.78,87.69,88.95
12/10/2018,1220,94.99,96.26,90.65,91.69
12/9/2018,1219,92.04,98.9,91.03,95.14
12/8/2018,1218,93.41,97.06,86.83,92.16
12/7/2018,1217,91.65,96.09,83.47,93.29
12/6/2018,1216,102.45,104.1,91.76,91.76
12/5/2018,1215,110.34,110.6,102.48,102.48
12/4/2018,1214,108.8,113.14,107.4,110.21
12/3/2018,1213,116.38,116.62,107.42,108.93
12/2/2018,1212,118.27,120.56,116.09,116.39
12/1/2018,1211,113.4,120.84,111.62,118.64
11/30/2018,1210,117.73,119.42,111.74,113.17
11/29/2018,1209,122.72,123.23,115.3,117.54
11/28/2018,1208,110.2,126.05,110.2,122.44
11/27/2018,1207,107.91,111.84,102.45,110.01
11/26/2018,1206,116.34,118.2,104.89,108.33
11/25/2018,1205,113.13,118.88,101.77,116.45
11/24/2018,1204,123.3,126.79,110.83,113.49
11/23/2018,1203,126.42,127.03,119.56,123.3
11/22/2018,1202,136.81,137.74,126.71,126.71
11/21/2018,1201,131.14,138.89,125.76,136.7
11/20/2018,1200,148.81,151.25,126.36,130.34
11/19/2018,1199,177.18,177.18,147.85,149.18
11/18/2018,1198,174.18,179.15,174.18,177.07
11/17/2018,1197,175.36,175.85,172.87,174
11/16/2018,1196,180.87,181.35,173.13,175.18
11/15/2018,1195,181.9,184.25,170.19,180.81
11/14/2018,1194,206.53,207.04,174.08,181.4
11/13/2018,1193,210.15,210.51,206.13,206.83
11/12/2018,1192,211.51,212.62,208.92,210.42
11/11/2018,1191,212.48,213,208.87,211.34
11/10/2018,1190,209.97,213.86,209.81,212.53
11/9/2018,1189,211.99,213.32,209.51,210.07
11/8/2018,1188,217.33,218.34,212.2,212.23
11/7/2018,1187,218.9,221.65,216.8,217.18
11/6/2018,1186,209.47,218.45,207.89,218.45
11/5/2018,1185,207.1,210.82,206.57,209.09
11/4/2018,1184,200.16,211.27,198.99,207.49
11/3/2018,1183,200.74,200.74,199.53,200.19
11/2/2018,1182,198.98,201.27,198.75,200.63
11/1/2018,1181,197.54,203.75,197.33,198.87
10/31/2018,1180,197.65,198.34,196.53,197.38
10/30/2018,1179,197.2,198.12,196.35,197.56
10/29/2018,1178,205.17,205.6,195.73,197.25
10/28/2018,1177,204.51,205.92,203.52,205.37
10/27/2018,1176,203.36,206.08,203.13,204.21
10/26/2018,1175,202.34,204.78,201.55,203.33
10/25/2018,1174,203.87,204.13,201.82,202.72
10/24/2018,1173,204.13,205.58,203.35,203.85
10/23/2018,1172,204.02,205.15,201.91,204.34
10/22/2018,1171,205.17,206.93,203.38,204.04
10/21/2018,1170,205.39,208.16,204.62,205.14
10/20/2018,1169,203.51,206.22,203.09,205.43
10/19/2018,1168,203.26,204.66,201.84,203.73
10/18/2018,1167,207.4,208.47,201.74,203.35
10/17/2018,1166,210.22,211.13,205.93,207.08
10/16/2018,1165,209.63,212.17,207.98,210.12
10/15/2018,1164,195.27,222.12,194.16,209.7
10/14/2018,1163,199.69,201.83,195.24,195.72
10/13/2018,1162,196.36,201.28,196.36,199.84
10/12/2018,1161,188.71,199.4,188.71,196.73
10/11/2018,1160,225.61,225.61,189.28,189.5
10/10/2018,1159,227.62,227.71,224.5,225.77
10/9/2018,1158,229.71,230.16,226.4,227.98
10/8/2018,1157,226.51,230.76,224.56,229.25
10/7/2018,1156,225.44,226.37,223,226.12
10/6/2018,1155,227.55,227.93,224.25,225.12
10/5/2018,1154,222.27,228.32,220.96,227.6
10/4/2018,1153,220.45,226.15,220.09,222.22
10/3/2018,1152,226.41,226.46,213.97,220.49
10/2/2018,1151,231.1,231.17,225.84,227.18
10/1/2018,1150,233.22,234.15,226.94,230.77
9/30/2018,1149,231.33,236.99,228.44,232.85
9/29/2018,1148,221.71,234.01,216.08,231.63
9/28/2018,1147,229.04,231.75,218.67,222.4
9/27/2018,1146,215.44,230.61,212.65,228.49
9/26/2018,1145,218.65,221.44,209.11,215.85
9/25/2018,1144,228.33,228.33,206.49,218.5
9/24/2018,1143,244.84,245.11,227.49,228.73
9/23/2018,1142,240.99,247.46,237.86,244.33
9/22/2018,1141,247.34,251.2,233.81,240.48
9/21/2018,1140,225.25,248.39,221.57,246.58
9/20/2018,1139,210.29,224.82,207.79,224.59
9/19/2018,1138,209.47,213.87,201.66,209.97
9/18/2018,1137,197.09,213.36,195.93,209.97
9/17/2018,1136,221.58,224.26,195.31,197.88
9/16/2018,1135,222.8,222.8,211.12,220.59
9/15/2018,1134,209.81,226.6,209.61,223.07
9/14/2018,1133,212.67,222.79,204.87,211.75
9/13/2018,1132,183.68,214,183.68,211.35
9/12/2018,1131,185.42,185.59,170.26,183.33
9/11/2018,1130,198.18,198.51,180.6,185.07
9/10/2018,1129,197.85,201.88,189.58,197.08
9/9/2018,1128,198.38,207.67,188.31,196.92
9/8/2018,1127,217.91,220.37,193.26,197.95
9/7/2018,1126,229.53,233.9,217.07,217.2
9/6/2018,1125,231.65,231.75,218.12,230.22
9/5/2018,1124,286.05,288.16,232.33,232.33
9/4/2018,1123,289.3,291.58,284.25,285.72
9/3/2018,1122,295.18,295.59,287.43,289.26
9/2/2018,1121,295.45,298.69,290.93,294.37
9/1/2018,1120,283.5,301.14,283.5,295.34
8/31/2018,1119,284.12,284.55,278.51,283
8/30/2018,1118,289.75,291.24,275.21,284.11
8/29/2018,1117,296.16,297.07,287.29,289.31
8/28/2018,1116,286.65,297.4,283.57,296.5
8/27/2018,1115,275.35,285.6,273.65,285.6
8/26/2018,1114,279.52,279.52,272.44,275.2
8/25/2018,1113,283.28,283.51,278.47,279.65
8/24/2018,1112,278.11,283.3,273.86,282.97
8/23/2018,1111,271.75,279.55,271.09,277.1
8/22/2018,1110,281.97,297.49,265,271.34
8/21/2018,1109,273.33,285.97,273.33,281.94
8/20/2018,1108,301.38,304.37,273.51,274.31
8/19/2018,1107,295.67,307.1,291.33,300.83
8/18/2018,1106,316.79,320.45,286.55,295.81
8/17/2018,1105,287.68,316.17,287.35,315.73
8/16/2018,1104,282.74,298.48,280.93,288.05
8/15/2018,1103,280.39,303.59,280.12,282.36
8/14/2018,1102,286.37,286.37,254.65,278.93
8/13/2018,1101,320.21,323.55,284.93,286.5
8/12/2018,1100,320.82,328.59,318.6,319.57
8/11/2018,1099,334.26,334.26,308.49,322.11
8/10/2018,1098,365.78,367.05,329.59,334.18
8/9/2018,1097,356.97,370.95,353.61,365.59
8/8/2018,1096,379.89,380.67,353.73,356.61
8/7/2018,1095,406.8,411.4,376.08,380.21
8/6/2018,1094,410.57,414.54,403.31,406.66
8/5/2018,1093,407.35,413.72,402.43,410.52
8/4/2018,1092,418.24,420.19,403.78,407.25
8/3/2018,1091,412.57,420.55,399.91,418.26
8/2/2018,1090,420.81,425.03,410.31,412.62
8/1/2018,1089,433.87,435.46,410.46,420.75
7/31/2018,1088,457.25,457.25,430.44,433.87
7/30/2018,1087,466.83,467.95,448.64,457.08
7/29/2018,1086,466.92,470.36,462.71,466.67
7/28/2018,1085,469.68,471.59,462.99,466.9
7/27/2018,1084,464.01,473.22,458.29,469.67
7/26/2018,1083,472.33,483.7,461.42,464.04
7/25/2018,1082,479.91,482.87,466.47,472.49
7/24/2018,1081,451.14,481.14,450.57,479.37
7/23/2018,1080,459.44,469.77,449.73,450.85
7/22/2018,1079,462.44,470.9,458.12,459.66
7/21/2018,1078,450.68,468.08,445.78,462.44
7/20/2018,1077,469.31,469.31,443.69,450.7
7/19/2018,1076,480.63,483.24,465.14,469.62
7/18/2018,1075,500.84,513.43,474.36,480.51
7/17/2018,1074,480.08,508.78,468.92,501
7/16/2018,1073,450.42,480.66,446.8,480.66
7/15/2018,1072,435.88,454,433.92,449.85
7/14/2018,1071,434.51,439.43,431.47,436.09
7/13/2018,1070,430.74,442.36,430.74,434.03
7/12/2018,1069,446.5,446.5,422.81,430.07
7/11/2018,1068,434.52,447.32,429.51,446.52
7/10/2018,1067,476.16,478.32,433.96,434.42
7/9/2018,1066,488.88,490.85,475.17,476.68
7/8/2018,1065,492.07,503.2,488.42,489.12
7/7/2018,1064,474.06,491.66,466.84,491.66
7/6/2018,1063,474.36,479.65,457.61,474.01
7/5/2018,1062,467.29,483.23,464.63,474.41
7/4/2018,1061,464.15,481.44,455.18,467.32
7/3/2018,1060,475.39,483.85,462.58,464.2
7/2/2018,1059,453.82,479.13,447.11,475.35
7/1/2018,1058,455.24,457.14,446.39,453.92
6/30/2018,1057,436.21,458.8,436.21,455.18
6/29/2018,1056,422.59,441.79,407.95,436.01
6/28/2018,1055,442.29,443.62,419.68,422.36
6/27/2018,1054,432.24,444.24,424.84,442.36
6/26/2018,1053,460.73,461.21,432.77,432.77
6/25/2018,1052,455.94,470.34,448.9,460.31
6/24/2018,1051,474.77,475.36,426.47,457.67
6/23/2018,1050,466.27,479.13,462.39,474.52
6/22/2018,1049,527.19,527.19,456.88,465.82
6/21/2018,1048,536.45,543.72,524.26,527.37
6/20/2018,1047,538.51,541.02,519.37,536.27
6/19/2018,1046,519.02,542.35,516.31,537.96
6/18/2018,1045,499.38,521.8,494.07,518.89
6/17/2018,1044,499.46,507.64,498.65,500.45
6/16/2018,1043,490.41,503.22,488.85,499.64
6/15/2018,1042,520.48,521.3,487.47,491
6/14/2018,1041,478.38,523.54,467.47,519.74
6/13/2018,1040,498.02,501.9,459,477.49
6/12/2018,1039,532.71,538.96,491.23,496.84
6/11/2018,1038,524.86,536.86,515.27,533.28
6/10/2018,1037,594.34,594.34,511.89,526.48
6/9/2018,1036,600.91,608.58,597.56,597.56
6/8/2018,1035,605.44,608.81,595.59,601.08
6/7/2018,1034,607.69,616.14,601.69,605.19
6/6/2018,1033,610.26,611.64,596.4,607.12
6/5/2018,1032,593.41,611.33,580.98,609.3
6/4/2018,1031,619.44,623.43,583.75,592.98
6/3/2018,1030,591.26,624.51,591.26,618.33
6/2/2018,1029,580.43,597.08,577.32,591.81
6/1/2018,1028,578.67,589.09,567.66,580.04
5/31/2018,1027,558.5,585.54,557.07,577.65
5/30/2018,1026,566.83,583.14,545.43,559.59
5/29/2018,1025,516.15,572.26,516.15,565.39
5/28/2018,1024,573.04,576.05,512.55,516.04
5/27/2018,1023,588.52,590.33,562.87,572.67
5/26/2018,1022,587.43,606.17,583.51,587.28
5/25/2018,1021,602.14,617.19,575.62,586.73
5/24/2018,1020,584.54,610.82,557.21,601.76
5/23/2018,1019,646.67,651.64,572.95,583.59
5/22/2018,1018,700.18,700.98,644.03,647.74
5/21/2018,1017,717.19,719.28,692.49,699.22
5/20/2018,1016,697.92,723.75,692.67,715.37
5/19/2018,1015,695.07,715.58,686.79,696.53
5/18/2018,1014,672.1,695.03,663.81,694.37
5/17/2018,1013,708.72,718.83,668.83,672.66
5/16/2018,1012,708.09,710.2,682.54,707.05
5/15/2018,1011,731.14,739.05,700.99,708.87
5/14/2018,1010,732.73,742.17,695.79,730.55
5/13/2018,1009,687.17,741.31,675.32,733.5
5/12/2018,1008,679.88,691.41,644.07,686.05
5/11/2018,1007,727.01,736.98,669.83,679.59
5/10/2018,1006,752.58,766.75,726.66,727.28
5/9/2018,1005,752.9,759.53,718.47,752.28
5/8/2018,1004,755.01,774.25,728.13,752.86
5/7/2018,1003,793.34,795.76,710.18,753.72
5/6/2018,1002,816.09,835.06,764.88,792.31
5/5/2018,1001,784.58,827.46,784.24,816.12
5/4/2018,1000,776.78,803.75,762.63,785.62
5/3/2018,999,686.59,784.34,686.59,779.54
5/2/2018,998,674.08,688.84,667.42,687.15
5/1/2018,997,670.46,674.4,637.54,673.61
4/30/2018,996,689.76,694.44,666.12,669.92
4/29/2018,995,683.91,697.76,670.51,688.88
4/28/2018,994,644.65,691.44,644.65,683.68
4/27/2018,993,662.11,684.87,647.03,647.03
4/26/2018,992,618.08,663.18,604.01,662.81
4/25/2018,991,707.06,707.06,600.21,615.42
4/24/2018,990,643.4,708.88,643.4,708.16
4/23/2018,989,621.2,646.7,621.03,642.55
4/22/2018,988,606.12,640.77,593.87,621.86
4/21/2018,987,616,621.89,578.55,605.4
4/20/2018,986,567.99,618.72,560.28,615.72
4/19/2018,985,524.04,567.89,523.26,567.89
4/18/2018,984,503.31,525.09,503.05,524.79
4/17/2018,983,511.14,518.03,502.56,502.89
4/16/2018,982,532.07,534.2,500.25,511.15
4/15/2018,981,502.88,531.7,502.88,531.7
4/14/2018,980,492.58,512.02,488.28,501.48
4/13/2018,979,493.16,526.47,482.66,492.73
4/12/2018,978,430.16,493.06,417.41,492.94
4/11/2018,977,415.02,430.54,412.47,430.54
4/10/2018,976,399.41,415.89,393.88,414.24
4/9/2018,975,400.86,429.25,390.61,398.53
4/8/2018,974,385.74,402.59,385.6,400.51
4/7/2018,973,370.38,393.06,369.94,385.31
4/6/2018,972,382.73,385.2,366.91,370.29
4/5/2018,971,379.95,387.72,369.82,383.23
4/4/2018,970,416.48,417.47,375.31,380.54
4/3/2018,969,387.31,418.97,383.53,416.89
4/2/2018,968,379.7,395.17,377.59,386.42
4/1/2018,967,397.25,400.53,363.8,379.61
3/31/2018,966,395,418.47,392.95,396.46
3/30/2018,965,385.9,409.93,368.63,394.64
3/29/2018,964,448.08,450.81,385.81,385.97
3/28/2018,963,450.29,466.21,444.86,446.28
3/27/2018,962,489.59,491.46,449.97,450.12
3/26/2018,961,524.29,526.38,470.44,489.95
3/25/2018,960,522.7,535.82,515.66,524.29
3/24/2018,959,542.57,545.38,526.08,526.44
3/23/2018,958,539.86,540.49,512.13,539.62
3/22/2018,957,562.1,577.57,523.09,539.7
3/21/2018,956,559.1,589.61,550.57,561.73
3/20/2018,955,556.72,567.09,521.2,557.17
3/19/2018,954,546.63,558.1,519.12,556.73
3/18/2018,953,551.64,551.64,460.09,538.64
3/17/2018,952,601.68,609.15,549.1,552.78
3/16/2018,951,611.78,623.17,587.86,601.67
3/15/2018,950,614.84,620.62,579.51,611.3
3/14/2018,949,691.22,702.78,594.1,614.29
3/13/2018,948,698.15,713.73,682.35,690.83
3/12/2018,947,724.41,742.51,683.27,699.83
3/11/2018,946,685.31,735.83,668.12,723.34
3/10/2018,945,730.16,748.03,682.7,686.89
3/9/2018,944,702.2,729.16,648.11,728.92
3/8/2018,943,752.57,773.77,696.17,704.6
3/7/2018,942,816.27,825.61,726.55,752.83
3/6/2018,941,853.82,853.82,809.93,816.95
3/5/2018,940,866.85,869.92,853.52,853.68
3/4/2018,939,856.19,867.95,840.28,866.68
3/3/2018,938,856.71,868.45,855.21,857.22
3/2/2018,937,871.76,876.38,852.42,856.85
3/1/2018,936,856.01,880.3,851.92,872.2
2/28/2018,935,877.93,890.11,855.12,855.2
2/27/2018,934,870.36,896.26,867.1,878.27
2/26/2018,933,845.28,880.39,842.32,869.32
2/25/2018,932,839.46,853.15,822.38,844.81
2/24/2018,931,861.59,879.53,818.55,840.52
2/23/2018,930,811.59,886.32,794.79,864.19
2/22/2018,929,849.26,875.93,802.67,812.84
2/21/2018,928,894.14,912.38,830.56,849.97
2/20/2018,927,943.57,965.27,892.95,895.37
2/19/2018,926,921.67,957.78,921.55,943.86
2/18/2018,925,973.35,982.93,915.45,923.92
2/17/2018,924,944.75,976.59,940.75,974.11
2/16/2018,923,934.79,950.01,917.85,944.21
2/15/2018,922,923.73,951.95,911.11,936.98
2/14/2018,921,844.28,926.43,844.28,923.56
2/13/2018,920,869.29,870.71,828.84,845.26
2/12/2018,919,817.51,875.94,817.51,868.71
2/11/2018,918,859.29,859.29,788.22,814.66
2/10/2018,917,882.47,917.4,825.58,860.41
2/9/2018,916,818.48,884,788.83,883.86
2/8/2018,915,755.84,845.09,755.84,817.81
2/7/2018,914,790.43,851.2,723.43,757.07
2/6/2018,913,707.74,796.44,574.42,793.12
2/5/2018,912,834.96,856.65,644.6,697.95
2/4/2018,911,964.67,969.03,805.06,834.68
2/3/2018,910,919.21,991.94,847.69,964.02
2/2/2018,909,1035.77,1035.77,757.98,915.78
2/1/2018,908,1119.37,1161.35,984.82,1036.79
1/31/2018,907,1071.09,1128.66,1034.5,1118.31
1/30/2018,906,1184.13,1184.63,1058.97,1071.13
1/29/2018,905,1246.7,1256.7,1169.08,1182.36
1/28/2018,904,1111.78,1257.77,1111.78,1246.01
1/27/2018,903,1055.75,1121.98,1042.12,1107.07
1/26/2018,902,1052.7,1080.6,996.78,1055.17
1/25/2018,901,1063.22,1104.66,1034.74,1056.03
1/24/2018,900,987.48,1062.44,965.81,1058.78
1/23/2018,899,1004.17,1023.23,920.54,986.23
1/22/2018,898,1055.35,1089.1,930.74,1003.26
1/21/2018,897,1155.68,1155.68,1021.5,1049.58
1/20/2018,896,1044.95,1167.11,1044.95,1155.15
1/19/2018,895,1028.82,1093.22,1003.71,1039.1
1/18/2018,894,1016.44,1100.31,967.76,1036.28
1/17/2018,893,1061.34,1090.23,780.92,1014.25
1/16/2018,892,1292.63,1292.63,875.54,1053.69
1/15/2018,891,1365.21,1390.59,1290.6,1291.92
1/14/2018,890,1397.48,1400.56,1286.21,1366.77
1/13/2018,889,1270.47,1432.88,1270.47,1396.42
1/12/2018,888,1158.29,1296.04,1120.09,1273.2
1/11/2018,887,1268.09,1337.3,1135.17,1154.93
1/10/2018,886,1300.34,1417.38,1226.6,1255.82
1/9/2018,885,1146,1320.98,1145.49,1299.74
1/8/2018,884,1158.26,1266.93,1016.05,1148.53
1/7/2018,883,1043.01,1153.17,1043.01,1153.17
1/6/2018,882,995.15,1060.71,994.62,1041.68
1/5/2018,881,975.75,1075.39,956.33,997.72
1/4/2018,880,961.71,1045.08,946.09,980.92
1/3/2018,879,886,974.47,868.45,962.72
1/2/2018,878,772.35,914.83,772.35,884.44
1/1/2018,877,755.76,782.53,742,772.64
12/31/2017,876,712.21,760.35,710.12,756.73
12/30/2017,875,753.82,753.82,685.23,717.26
12/29/2017,874,740.39,770.12,729.61,753.59
12/28/2017,873,762.21,763.32,701.19,737.02
12/27/2017,872,774.97,789.25,738.41,762.84
12/26/2017,871,763.37,786.79,760.93,773.84
12/25/2017,870,698.87,782.52,698.87,765.83
12/24/2017,869,721.77,721.77,614.92,694.15
12/23/2017,868,681.32,763.9,679.73,719.39
12/22/2017,867,822.64,827.68,543.76,674.86
12/21/2017,866,820.24,880.54,792.69,821.06
12/20/2017,865,827.52,845.06,756,819.09
12/19/2017,864,793.9,881.94,785.34,826.82
12/18/2017,863,721.73,803.93,689.23,794.65
12/17/2017,862,696.24,735.83,696.24,719.97
12/16/2017,861,686.19,718.39,680.79,696.21
12/15/2017,860,696.38,697.13,621.06,684.45
12/14/2017,859,700.59,753.12,664.99,695.82
12/13/2017,858,644.91,747.99,597.8,702.77
12/12/2017,857,522.29,657.32,504.49,651.43
12/11/2017,856,440.36,516.97,439.1,515.14
12/10/2017,855,472.79,472.79,429.51,441.72
12/9/2017,854,457.34,504.15,456.25,473.5
12/8/2017,853,434.99,466.06,422.37,456.03
12/7/2017,852,426.37,441.4,414.41,434.41
12/6/2017,851,462.6,462.71,420.21,428.59
12/5/2017,850,470.29,473.56,457.66,463.28
12/4/2017,849,466.05,474.78,453.31,470.2
12/3/2017,848,463.7,482.81,451.85,465.85
12/2/2017,847,466.85,476.24,456.65,463.45
12/1/2017,846,445.21,472.61,428.31,466.54
11/30/2017,845,431.21,465.5,401.24,447.11
11/29/2017,844,473.28,522.31,425.07,427.52
11/28/2017,843,480.52,482.48,466.35,472.9
11/27/2017,842,471.53,493.4,468.48,480.36
11/26/2017,841,465.97,472.72,451.61,471.33
11/25/2017,840,475.68,485.19,461.05,466.28
11/24/2017,839,412.5,480.97,402.76,474.91
11/23/2017,838,381.44,425.55,376.09,410.17
11/22/2017,837,360.31,381.42,360.15,380.65
11/21/2017,836,367.44,372.47,350.69,360.4
11/20/2017,835,354.09,372.14,353.29,366.73
11/19/2017,834,347.4,371.29,344.74,354.39
11/18/2017,833,331.98,349.62,327.69,347.61
11/17/2017,832,330.17,334.96,327.52,332.39
11/16/2017,831,333.44,336.16,323.61,330.92
11/15/2017,830,337.96,340.91,329.81,333.36
11/14/2017,829,316.76,340.18,316.76,337.63
11/13/2017,828,307.02,328.42,307.02,316.72
11/12/2017,827,314.69,319.15,298.51,307.91
11/11/2017,826,298.59,319.45,298.19,314.68
11/10/2017,825,320.67,324.72,294.54,299.25
11/9/2017,824,308.64,329.45,307.06,320.88
11/8/2017,823,294.27,318.7,293.1,309.07
11/7/2017,822,298.57,304.84,290.77,294.66
11/6/2017,821,296.43,305.42,293.72,298.89
11/5/2017,820,300.04,301.37,295.12,296.26
11/4/2017,819,305.48,305.48,295.8,300.47
11/3/2017,818,288.5,308.31,287.69,305.71
11/2/2017,817,290.73,293.91,281.17,287.43
11/1/2017,816,305.76,306.4,290.58,291.69
10/31/2017,815,307.38,310.55,305.88,305.88
10/30/2017,814,304.78,310.5,304.35,307.75
10/29/2017,813,296.38,313.76,296.38,305.09
10/28/2017,812,297.92,300.36,293.58,296.3
10/27/2017,811,296.51,299.26,294.06,297.42
10/26/2017,810,298.02,301.07,295.22,296.53
10/25/2017,809,298.44,301.85,290.72,297.92
10/24/2017,808,287.12,311.96,282.66,298.33
10/23/2017,807,295.1,295.75,277.58,286.95
10/22/2017,806,300.55,305.5,292.81,295.45
10/21/2017,805,303.57,303.93,291.77,300.19
10/20/2017,804,308.05,311.44,303.49,304.01
10/19/2017,803,314.54,316.71,305.83,308.09
10/18/2017,802,316.94,317.24,290.64,314.32
10/17/2017,801,333.48,333.48,311.79,317.08
10/16/2017,800,336.71,349.35,332.04,333.38
10/15/2017,799,339.53,342.72,320.43,336.6
10/14/2017,798,338.85,347.98,334.7,339.63
10/13/2017,797,304.08,348.6,299.66,338.76
10/12/2017,796,303.5,309.15,303.29,304.14
10/11/2017,795,301.18,304.39,299.1,303.46
10/10/2017,794,297.6,306.15,293.17,299.87
10/9/2017,793,308.67,309.31,288.18,297.39
10/8/2017,792,311.06,312.54,308.03,308.61
10/7/2017,791,308.89,313.13,304.98,311.12
10/6/2017,790,295.15,308.84,294.95,308.59
10/5/2017,789,292.77,298.04,288.84,295.86
10/4/2017,788,292.75,299.39,290.89,292.66
10/3/2017,787,297.48,300.11,288.13,292.46
10/2/2017,786,302.48,302.92,294.58,297.48
10/1/2017,785,301.55,303.19,295.06,302.34
9/30/2017,784,291.48,303.96,291.11,301.46
9/29/2017,783,299.12,299.92,279.77,291.47
9/28/2017,782,306.47,307.2,295.47,299.15
9/27/2017,781,287.02,308.02,286.82,306.47
9/26/2017,780,292.35,293.75,287.02,287.44
9/25/2017,779,282.22,293.52,281.88,292.33
9/24/2017,778,286.21,292.95,278.13,282.48
9/23/2017,777,264.6,286.17,261.12,286.17
9/22/2017,776,258.11,270.54,256.22,264.31
9/21/2017,775,283.26,286.61,255.02,258.58
9/20/2017,774,282.02,290.89,278.05,283.74
9/19/2017,773,293.66,295.77,274.48,282.8
9/18/2017,772,252.23,293.5,252.23,293.5
9/17/2017,771,245.85,257,235.24,251.75
9/16/2017,770,250.87,262.59,238.22,246.52
9/15/2017,769,215.22,258.65,195.04,250.46
9/14/2017,768,276.59,280.84,213.91,213.91
9/13/2017,767,291.12,291.12,260.61,277.11
9/12/2017,766,294.63,311.2,287.23,291.46
9/11/2017,765,289.74,300.69,286.68,294.53
9/10/2017,764,294.06,294.76,268.97,288.75
9/9/2017,763,296.17,299.89,287.22,294.4
9/8/2017,762,329.64,329.64,285.16,296.5
9/7/2017,761,333.52,333.52,319.94,329.43
9/6/2017,760,313.8,334.66,313.49,334.34
9/5/2017,759,297.57,318.57,268.29,312.99
9/4/2017,758,347.13,347.13,279.94,295.17
9/3/2017,757,350.23,366.49,332.23,347.48
9/2/2017,756,387.82,389.35,328.1,348.98
9/1/2017,755,383.47,390.04,383.47,387.74
8/31/2017,754,378.44,386.14,376.35,383.04
8/30/2017,753,369.47,388.75,361.97,378.48
8/29/2017,752,347.96,373.76,347.79,370.67
8/28/2017,751,350.04,352.05,338.41,347.75
8/27/2017,750,334.36,347.89,334.36,347.89
8/26/2017,749,331.99,334.98,327.92,333.88
8/25/2017,748,326.11,336.4,325.8,331.92
8/24/2017,747,317.45,327.96,317.08,325.61
8/23/2017,746,315.27,324.21,314.54,317.52
8/22/2017,745,321.05,327.36,297.91,314.79
8/21/2017,744,300.48,347.05,297.23,321.59
8/20/2017,743,296.64,301.43,291.58,301.43
8/19/2017,742,296.18,301.67,286.18,297.47
8/18/2017,741,301.7,307.96,292.5,295.59
8/17/2017,740,302.8,311.03,300.25,301.46
8/16/2017,739,289.82,303.41,285.39,302.27
8/15/2017,738,299.95,300.41,279.33,289.82
8/14/2017,737,298.03,306.81,296.41,300.1
8/13/2017,736,310.37,310.82,289.31,298.06
8/12/2017,735,308.71,317.56,307.9,310.6
8/11/2017,734,294.49,309.21,294.49,308.86
8/10/2017,733,296.96,306.59,289.93,295.89
8/9/2017,732,297.63,318.72,276.69,296.03
8/8/2017,731,269.1,298.91,266.8,296.77
8/7/2017,730,261.24,271.96,256.69,269.18
8/6/2017,729,256.42,271.05,252.85,261.57
8/5/2017,728,222.85,256.51,221.95,256.51
8/4/2017,727,225.31,227.62,222.06,223.07
8/3/2017,726,220.18,228.29,219.89,225.34
8/2/2017,725,227.01,229.51,218.12,219.95
8/1/2017,724,204.69,227.74,204.69,226.77
7/31/2017,723,197.4,203.87,193.41,203.87
7/30/2017,722,206.74,208.54,196.15,197.98
7/29/2017,721,193.34,208.68,179.65,205.79
7/28/2017,720,204.32,204.9,192.3,193.12
7/27/2017,719,204.86,206.44,201.26,204.32
7/26/2017,718,207.09,210.77,194.78,203.95
7/25/2017,717,224.37,225.32,195.85,206.71
7/24/2017,716,226.29,227.54,222.45,224.71
7/23/2017,715,229.12,231.68,217.72,225.95
7/22/2017,714,217.86,232.7,216.87,229.48
7/21/2017,713,226.06,235.12,213.01,218.3
7/20/2017,712,205.42,233.9,203.22,227.26
7/19/2017,711,234.94,245.65,191.74,199.7
7/18/2017,710,195.03,267.99,182.06,234.39
7/17/2017,709,159.99,194.75,158.04,193.42
7/16/2017,708,169.57,172.01,133.72,157.36
7/15/2017,707,199.71,200.16,170.65,170.65
7/14/2017,706,209.53,211.1,187.37,199.66
7/13/2017,705,231.81,231.81,200.07,209.73
7/12/2017,704,197.15,230.77,189.59,230.77
7/11/2017,703,211.52,220.29,183.39,197.4
7/10/2017,702,243.01,243.07,196.96,215.36
7/9/2017,701,251.82,255.1,242.14,242.14
7/8/2017,700,245.89,273.48,236.55,251.7
7/7/2017,699,270.35,273.94,244.17,245.99
7/6/2017,698,268.86,278.48,265.51,270.55
7/5/2017,697,273.1,275.13,261.45,268.77
7/4/2017,696,282.19,287.39,273.11,273.3
7/3/2017,695,288.41,291.1,281.18,282.9
7/2/2017,694,275.12,295.51,262.52,287.99
7/1/2017,693,293.35,293.75,268.62,274.6
6/30/2017,692,303.15,315.17,288.44,294.92
6/29/2017,691,328.37,330.71,297.37,302.88
6/28/2017,690,293.04,333.1,276.41,327.93
6/27/2017,689,272.69,293.09,227.14,293.09
6/26/2017,688,302.95,311.46,238.65,272.69
6/25/2017,687,323.47,332.79,284.65,303.25
6/24/2017,686,341.63,343.62,322.09,323.7
6/23/2017,685,336.48,348.01,334.99,341.74
6/22/2017,684,337.73,342.03,330.62,336.37
6/21/2017,683,359.54,361.34,319.48,336.87
6/20/2017,682,370.33,377.97,350.94,359.01
6/19/2017,681,371.86,377.11,369.76,370.06
6/18/2017,680,379.52,390.58,368.84,371.46
6/17/2017,679,369.88,379.41,364,379.41
6/16/2017,678,361.18,373.05,341.42,370.23
6/15/2017,677,358.51,364.44,300.7,361.93
6/14/2017,676,397.59,399.32,342.21,359.05
6/13/2017,675,395.69,411.18,370.06,397.54
6/12/2017,674,341.16,414.76,341.16,401.49
6/11/2017,673,338.79,353.01,318.17,340.61
6/10/2017,672,282.01,350.26,282.01,337.67
6/9/2017,671,261.75,282.76,261.75,281.74
6/8/2017,670,257.99,262.25,253.98,261.67
6/7/2017,669,264.26,264.67,254.04,258.07
6/6/2017,668,248.6,267.51,246.84,264.47
6/5/2017,667,245.26,249.47,243.05,248.46
6/4/2017,666,224.12,250.41,223.98,245.33
6/3/2017,665,223.46,225.97,219.42,224.38
6/2/2017,664,222.29,229.41,219.58,223.77
6/1/2017,663,230.89,236.22,214.48,222.24
5/31/2017,662,231.58,236.96,215.57,230.67
5/30/2017,661,195.61,233.71,189.29,231.91
5/29/2017,660,170.13,197.13,164.53,194.91
5/28/2017,659,158.82,179.93,157.6,170.51
5/27/2017,658,159.82,166.95,120.44,157.76
5/26/2017,657,175.22,193.69,150.28,160.4
5/25/2017,656,189.85,210.98,170.51,174.45
5/24/2017,655,182.65,228.37,182.45,190.05
5/23/2017,654,170.82,183.55,169.93,181.95
5/22/2017,653,158.17,201.75,152.47,174.26
5/21/2017,652,127.54,159.03,125.89,157.94
5/20/2017,651,129.22,133.64,124.7,126.52
5/19/2017,650,97.05,133.56,97.05,129.53
5/18/2017,649,89.84,97.37,89.84,96.91
5/17/2017,648,89.25,91.27,84.43,89.86
5/16/2017,647,92.39,93.56,89.12,89.44
5/15/2017,646,90.78,95.43,86.83,92.41
5/14/2017,645,90.87,91.25,89.61,90.79
5/13/2017,644,88.69,93.81,86.66,90.84
5/12/2017,643,89.43,93.12,88.66,88.66
5/11/2017,642,89.77,102.55,88.48,89.88
5/10/2017,641,91.15,92.85,85.29,89.52
5/9/2017,640,91.23,93.06,80.39,91.16
5/8/2017,639,93.75,95.14,89.51,91.42
5/7/2017,638,97.87,98.24,89.87,94.01
5/6/2017,637,94.91,97.88,90.95,97.81
5/5/2017,636,96.73,103.23,92.22,94.4
5/4/2017,635,79.72,97.56,79.43,96.98
5/3/2017,634,77.25,80.1,75.76,79.72
5/2/2017,633,76.65,79.35,74.38,77.26
5/1/2017,632,79.32,82.52,73.09,76.3
4/30/2017,631,68.54,79.02,68.35,79.02
4/29/2017,630,71.39,71.9,66.78,68.38
4/28/2017,629,62.23,70.85,62.13,70.16
4/27/2017,628,52.81,62.17,52.29,62.17
4/26/2017,627,49.91,53.44,49.91,52.72
4/25/2017,626,50.07,50.3,49.81,49.89
4/24/2017,625,48.87,50.18,48.87,50.03
4/23/2017,624,48.59,48.89,48.17,48.49
4/22/2017,623,48.18,48.74,48.17,48.55
4/21/2017,622,49.64,49.66,48.14,48.22
4/20/2017,621,48.13,49.99,48.13,49.67
4/19/2017,620,50.73,50.95,47.26,48.31
4/18/2017,619,48.32,51.03,48.3,50.71
4/17/2017,618,48.66,48.75,48.05,48.3
4/16/2017,617,49.04,49.14,48.19,48.72
4/15/2017,616,47.65,49.57,47.18,49.1
4/14/2017,615,49.97,50.05,46.76,47.57
4/13/2017,614,46.31,50.91,46.31,50.22
4/12/2017,613,43.46,47.23,43.11,46.29
4/11/2017,612,43.5,44.25,43.3,43.41
4/10/2017,611,43.28,44.14,42.42,43.44
4/9/2017,610,44.28,44.49,42.89,43.27
4/8/2017,609,41.8,45.21,41.73,44.31
4/7/2017,608,42.87,44.04,41.65,42.16
4/6/2017,607,45.22,45.64,40.9,43.24
4/5/2017,606,44.66,47.84,44.54,45.3
4/4/2017,605,43.92,45.74,41.72,44.64
4/3/2017,604,48.82,48.82,43.41,44.36
4/2/2017,603,50.74,51.27,45.43,48.75
4/1/2017,602,50.03,51.93,48.88,50.7
3/31/2017,601,51.75,51.77,47.38,50.04
3/30/2017,600,53.12,53.31,51.87,52.21
3/29/2017,599,50.57,53.87,50.55,53.13
3/28/2017,598,49.71,50.96,49.15,50.77
3/27/2017,597,51.31,52.46,48.93,49.67
3/26/2017,596,50.77,51.8,49.28,50.52
3/25/2017,595,53.58,53.58,48.31,51.25
3/24/2017,594,43.64,54.14,43.21,53.11
3/23/2017,593,42.57,44.75,41.3,43.68
3/22/2017,592,43.12,43.52,39.69,42.34
3/21/2017,591,43.51,44.26,42.37,43.15
3/20/2017,590,44.83,46.23,42.44,43.39
3/19/2017,589,35.53,47,35.34,44.74
3/18/2017,588,46.87,46.87,31.7,34.16
3/17/2017,587,45.93,55.11,38.21,46.83
3/16/2017,586,35.36,47.17,35.36,46.35
3/15/2017,585,28.65,35.06,28.43,35.06
3/14/2017,584,28.57,29.93,27.32,28.65
3/13/2017,583,23.5,30.6,23.5,28.59
3/12/2017,582,21.46,23.44,21.38,23.44
3/11/2017,581,19.37,21.59,19.01,21.47
3/10/2017,580,17.74,19.66,17.68,19.33
3/9/2017,579,16.64,17.87,16.37,17.75
3/8/2017,578,18.88,18.88,16.65,16.65
3/7/2017,577,19.58,19.63,18.64,18.89
3/6/2017,576,19.28,20.1,19.11,19.61
3/5/2017,575,18.5,19.42,18.23,19.3
3/4/2017,574,19.52,20.06,18.62,18.62
3/3/2017,573,19.04,20.67,18.41,19.46
3/2/2017,572,17.36,19.35,16.95,19.03
3/1/2017,571,15.85,17.37,15.56,17.35
2/28/2017,570,15.45,16.06,15.12,15.82
2/27/2017,569,14.51,15.68,14.27,15.4
2/26/2017,568,13.52,14.54,13.4,14.52
2/25/2017,567,13.06,13.72,12.98,13.55
2/24/2017,566,13.13,13.23,12.88,13.07
2/23/2017,565,12.6,13.21,12.56,13.12
2/22/2017,564,12.69,12.76,12.55,12.6
2/21/2017,563,12.34,12.77,12.21,12.67
2/20/2017,562,12.77,12.9,12.43,12.43
2/19/2017,561,12.82,12.87,12.71,12.76
2/18/2017,560,12.71,12.83,12.68,12.81
2/17/2017,559,12.9,12.91,12.66,12.68
2/16/2017,558,12.92,12.92,12.54,12.9
2/15/2017,557,13.04,13.04,12.64,12.92
2/14/2017,556,11.29,13.33,11.29,13.03
2/13/2017,555,11.38,11.39,11.17,11.27
2/12/2017,554,11.35,11.4,11.3,11.4
2/11/2017,553,11.29,11.43,11.24,11.35
2/10/2017,552,11.05,11.34,10.78,11.28
2/9/2017,551,11.44,11.6,10.67,11.03
2/8/2017,550,11.54,11.63,11.24,11.43
2/7/2017,549,11.43,11.61,11.41,11.52
2/6/2017,548,11.35,11.48,11.34,11.39
2/5/2017,547,11.44,11.49,11.32,11.35
2/4/2017,546,11.13,11.5,11.13,11.43
2/3/2017,545,10.81,11.11,10.76,11.11
2/2/2017,544,10.74,10.89,10.55,10.82
2/1/2017,543,10.74,10.85,10.56,10.73
1/31/2017,542,10.56,10.75,10.55,10.73
1/30/2017,541,10.49,10.71,10.47,10.57
1/29/2017,540,10.56,10.57,10.45,10.48
1/28/2017,539,10.54,10.58,10.43,10.56
1/27/2017,538,10.58,10.61,10.44,10.54
1/26/2017,537,10.57,10.67,10.51,10.59
1/25/2017,536,10.62,10.62,10.48,10.57
1/24/2017,535,10.73,10.77,10.57,10.63
1/23/2017,534,10.71,10.84,10.67,10.82
1/22/2017,533,10.91,10.97,10.58,10.7
1/21/2017,532,10.6,10.98,10.58,10.91
1/20/2017,531,10.39,10.76,10.35,10.6
1/19/2017,530,10.24,10.44,10.18,10.4
1/18/2017,529,10.3,10.52,9.94,10.23
1/17/2017,528,9.64,10.61,9.54,10.3
1/16/2017,527,9.88,9.93,9.58,9.64
1/15/2017,526,9.83,10,9.6,9.9
1/14/2017,525,9.79,9.89,9.44,9.65
1/13/2017,524,9.83,9.85,9.51,9.77
1/12/2017,523,9.72,10.08,9.18,9.86
1/11/2017,522,10.54,10.66,9.46,9.72
1/10/2017,521,10.37,10.69,10.29,10.55
1/9/2017,520,10.31,10.78,10.14,10.33
1/8/2017,519,9.87,10.39,9.83,10.29
1/7/2017,518,10.24,10.28,9.59,9.87
1/6/2017,517,10.29,10.63,9.63,10.25
1/5/2017,516,11.29,11.89,9.4,10.25
1/4/2017,515,9.71,11.28,9.56,11.25
1/3/2017,514,8.37,10,8.32,9.73
1/2/2017,513,8.17,8.44,8.05,8.38
1/1/2017,512,7.98,8.47,7.98,8.17
12/31/2016,511,8.15,8.16,7.91,7.97
12/30/2016,510,8.29,8.47,8.05,8.16
12/29/2016,509,7.54,8.53,7.54,8.28
12/28/2016,508,7.15,7.62,7.08,7.52
12/27/2016,507,7.28,7.32,7.09,7.17
12/26/2016,506,7.13,7.33,7.05,7.27
12/25/2016,505,7.26,7.34,7.14,7.18
12/24/2016,504,7.15,7.41,7.15,7.27
12/23/2016,503,7.58,7.69,7.16,7.17
12/22/2016,502,7.9,7.91,7.5,7.59
12/21/2016,501,7.66,7.94,7.66,7.91
12/20/2016,500,7.63,7.75,7.57,7.66
12/19/2016,499,7.87,7.87,7.63,7.64
12/18/2016,498,7.86,7.93,7.72,7.87
12/17/2016,497,7.86,7.9,7.52,7.88
12/16/2016,496,7.86,7.93,7.8,7.86
12/15/2016,495,8.24,8.24,7.72,7.83
12/14/2016,494,8.45,8.52,8.25,8.27
12/13/2016,493,8.52,8.53,8.35,8.42
12/12/2016,492,8.19,8.61,8.17,8.52
12/11/2016,491,8.13,8.27,8.1,8.19
12/10/2016,490,8.44,8.53,8.02,8.13
12/9/2016,489,8.17,8.67,8.05,8.45
12/8/2016,488,8.38,8.86,8.23,8.23
12/7/2016,487,7.89,8.54,7.33,8.38
12/6/2016,486,6.8,7.92,5.98,7.87
12/5/2016,485,7.41,7.64,6.66,6.82
12/4/2016,484,7.9,7.95,7.44,7.44
12/3/2016,483,7.77,8.15,7.67,7.92
12/2/2016,482,8.46,8.46,7.42,7.76
12/1/2016,481,8.6,8.65,8.36,8.45
11/30/2016,480,8.16,8.75,8.16,8.59
11/29/2016,479,8.73,8.74,7.88,8.17
11/28/2016,478,9,9.01,8.72,8.72
11/27/2016,477,9.31,9.33,8.78,9
11/26/2016,476,9.42,9.5,9.31,9.33
11/25/2016,475,9.23,9.75,9.21,9.4
11/24/2016,474,9.85,9.85,8.93,9.23
11/23/2016,473,9.92,9.96,9.76,9.84
11/22/2016,472,9.63,10.24,9.59,9.91
11/21/2016,471,9.58,9.64,9.54,9.62
11/20/2016,470,9.66,9.71,9.52,9.58
11/19/2016,469,9.48,9.75,9.48,9.66
11/18/2016,468,9.99,10.01,9.48,9.48
11/17/2016,467,10.06,10.19,9.92,9.99
11/16/2016,466,10.22,10.33,9.93,10.06
11/15/2016,465,9.97,10.32,9.85,10.22
11/14/2016,464,10.1,10.16,9.96,9.97
11/13/2016,463,9.89,10.41,9.84,10.1
11/12/2016,462,10.29,10.34,9.7,9.88
11/11/2016,461,10.51,10.57,10.26,10.29
11/10/2016,460,10.67,10.68,10.51,10.52
11/9/2016,459,10.82,10.83,10.22,10.66
11/8/2016,458,10.85,10.92,10.74,10.83
11/7/2016,457,10.9,10.96,10.78,10.81
11/6/2016,456,10.99,11.25,10.85,10.87
11/5/2016,455,11.09,11.24,10.88,11
11/4/2016,454,10.82,11.12,10.82,11.09
11/3/2016,453,10.8,11.11,10.76,10.8
11/2/2016,452,10.77,11.16,10.69,10.75
11/1/2016,451,10.96,11.18,10.3,10.77
10/31/2016,450,11.23,11.5,10.94,11
10/30/2016,449,10.43,11.45,10.29,11.18
10/29/2016,448,11.1,11.2,9.56,10.44
10/28/2016,447,11.47,11.58,10.95,11.09
10/27/2016,446,11.53,11.61,11.26,11.5
10/26/2016,445,11.38,11.66,11.38,11.53
10/25/2016,444,11.97,11.99,11.15,11.41
10/24/2016,443,12.04,12.1,11.91,11.97
10/23/2016,442,12.13,12.14,11.94,12.04
10/22/2016,441,12.18,12.19,11.95,12.07
10/21/2016,440,12.13,12.21,12.02,12.18
10/20/2016,439,12.05,12.29,12,12.1
10/19/2016,438,12.59,12.62,11.91,12.02
10/18/2016,437,12,12.93,12,12.59
10/17/2016,436,11.96,12.03,11.86,12.01
10/16/2016,435,11.98,12.01,11.93,11.95
10/15/2016,434,11.94,12,11.78,11.98
10/14/2016,433,11.99,12.07,11.9,11.94
10/13/2016,432,11.91,12.13,11.78,11.96
10/12/2016,431,11.78,12.07,11.71,11.93
10/11/2016,430,11.76,12.16,11.75,11.79
10/10/2016,429,12.06,12.06,11.62,11.76
10/9/2016,428,12.22,12.36,11.98,12.05
10/8/2016,427,12.67,12.69,12.05,12.22
10/7/2016,426,12.85,12.99,12.53,12.67
10/6/2016,425,13.03,13.14,12.69,12.85
10/5/2016,424,13.28,13.35,13.04,13.04
10/4/2016,423,13.45,13.53,13.21,13.28
10/3/2016,422,13.2,13.49,13.19,13.45
10/2/2016,421,13.18,13.3,13.14,13.2
10/1/2016,420,13.2,13.31,13.05,13.17
9/30/2016,419,13.08,13.34,13.02,13.22
9/29/2016,418,13.28,13.34,13.07,13.07
9/28/2016,417,13.11,13.48,13.08,13.27
9/27/2016,416,12.86,13.21,12.86,13.1
9/26/2016,415,13.17,13.17,12.74,12.82
9/25/2016,414,12.85,13.11,12.8,13.1
9/24/2016,413,13.32,13.34,12.68,12.88
9/23/2016,412,13.21,13.45,13.1,13.33
9/22/2016,411,13.66,13.66,12.48,13.25
9/21/2016,410,14.43,14.43,13.17,13.77
9/20/2016,409,13.21,14.43,13.12,14.43
9/19/2016,408,12.44,13.19,12.42,13.19
9/18/2016,407,12.69,12.99,12.16,12.43
9/17/2016,406,12.56,12.76,12.44,12.7
9/16/2016,405,11.96,12.75,11.9,12.56
9/15/2016,404,11.94,12.14,11.92,11.94
9/14/2016,403,11.9,12,11.86,11.92
9/13/2016,402,11.89,12.09,11.88,11.92
9/12/2016,401,11.64,11.95,11.61,11.89
9/11/2016,400,12.21,12.21,11.59,11.64
9/10/2016,399,11.66,12.22,11.54,12.17
9/9/2016,398,11.41,11.68,11.39,11.65
9/8/2016,397,11.55,11.7,11.25,11.35
9/7/2016,396,11.69,11.73,11.52,11.55
9/6/2016,395,11.73,11.73,11.47,11.69
9/5/2016,394,11.68,11.81,11.59,11.72
9/4/2016,393,11.75,11.79,11.47,11.68
9/3/2016,392,12.11,12.36,11.35,11.76
9/2/2016,391,11.96,12.31,11.88,12.11
9/1/2016,390,11.67,12.58,11.65,11.99
8/31/2016,389,11.24,11.68,11.18,11.67
8/30/2016,388,10.99,11.3,10.96,11.23
8/29/2016,387,10.92,11.15,10.79,10.98
8/28/2016,386,11.15,11.15,10.92,10.93
8/27/2016,385,11.29,11.29,11.14,11.15
8/26/2016,384,11.35,11.45,11.21,11.3
8/25/2016,383,11.03,11.39,11.02,11.36
8/24/2016,382,11.02,11.15,11.01,11.04
8/23/2016,381,11.14,11.23,10.9,11.03
8/22/2016,380,11.19,11.34,11.07,11.12
8/21/2016,379,11.25,11.25,10.99,11.18
8/20/2016,378,10.75,11.3,10.75,11.25
8/19/2016,377,10.75,10.8,10.73,10.75
8/18/2016,376,10.75,11.01,10.74,10.76
8/17/2016,375,11.13,11.15,10.75,10.75
8/16/2016,374,11.23,11.24,11,11.14
8/15/2016,373,11.2,11.31,11,11.22
8/14/2016,372,11.58,11.69,11.1,11.19
8/13/2016,371,11.77,11.79,11.51,11.57
8/12/2016,370,11.69,12.04,11.64,11.78
8/11/2016,369,12.14,12.27,11.63,11.69
8/10/2016,368,12.23,12.46,11.98,12.14
8/9/2016,367,11.27,12.45,11.2,12.24
8/8/2016,366,10.91,11.33,10.86,11.25
8/7/2016,365,10.86,11.09,10.78,10.91
8/6/2016,364,10.92,10.94,10.29,10.88
8/5/2016,363,11.02,11.18,10.76,10.93
8/4/2016,362,10.31,11.29,10.16,11.04
8/3/2016,361,8.88,10.42,8.88,10.29
8/2/2016,360,10.95,11.14,8.2,8.79
8/1/2016,359,11.89,12.01,10.94,10.94
7/31/2016,358,12.44,12.51,11.55,11.88
7/30/2016,357,12.8,12.8,12.46,12.46
7/29/2016,356,12.84,12.87,12.55,12.79
7/28/2016,355,12.98,12.99,12.49,12.84
7/27/2016,354,12.05,13.31,11.84,12.97
7/26/2016,353,13.82,13.85,11.73,11.99
7/25/2016,352,12.74,13.86,12.68,13.84
7/24/2016,351,14.3,14.44,12.32,12.75
7/23/2016,350,14.67,14.9,14.05,14.3
7/22/2016,349,12.66,14.81,12.54,14.66
7/21/2016,348,12.46,12.71,11.99,12.65
7/20/2016,347,11.59,12.99,11.57,12.45
7/19/2016,346,11.05,12.01,11.01,11.62
7/18/2016,345,11.17,11.61,10.95,11.03
7/17/2016,344,11.62,11.67,11.01,11.16
7/16/2016,343,11.92,11.94,11.59,11.65
7/15/2016,342,11.5,12.43,11.49,11.95
7/14/2016,341,10.6,11.68,10.6,11.51
7/13/2016,340,10.51,10.59,10.4,10.5
7/12/2016,339,10.45,10.76,10.43,10.52
7/11/2016,338,10.94,11.01,10.26,10.46
7/10/2016,337,10.96,11.01,10.78,10.95
7/9/2016,336,11.42,11.46,10.73,10.97
7/8/2016,335,10.12,11.52,9.96,11.39
7/7/2016,334,10.54,10.57,9.8,10.11
7/6/2016,333,10.58,11.11,10.28,10.53
7/5/2016,332,11.46,11.52,9.58,10.61
7/4/2016,331,11.7,11.88,11.39,11.47
7/3/2016,330,12.12,12.15,11.59,11.72
7/2/2016,329,12.22,12.22,11.95,12.13
7/1/2016,328,12.44,12.49,11.73,12.2
6/30/2016,327,12.6,12.74,12.25,12.46
6/29/2016,326,12.17,13.04,11.69,12.61
6/28/2016,325,13.93,13.98,11.72,12.18
6/27/2016,324,13.81,14.12,13.75,13.88
6/26/2016,323,14.26,14.37,13.66,13.85
6/25/2016,322,14.3,14.58,14.02,14.28
6/24/2016,321,13.68,14.57,13.22,14.33
6/23/2016,320,13.22,13.79,12.56,13.68
6/22/2016,319,13.2,15.79,13.1,13.1
6/21/2016,318,11.82,13.42,11.29,13.31
6/20/2016,317,12.24,12.45,10.52,11.84
6/19/2016,316,11.17,13.18,10.64,12.23
6/18/2016,315,15.38,15.38,9.96,11.33
6/17/2016,314,20.65,21.52,13.57,15.38
6/16/2016,313,18.36,20.83,18.36,20.59
6/15/2016,312,18.91,18.91,17.71,18.35
6/14/2016,311,17.61,19.27,17.3,18.89
6/13/2016,310,15.77,17.64,15.72,17.6
6/12/2016,309,14.19,15.9,14.19,15.74
6/11/2016,308,13.91,14.19,13.72,14.19
6/10/2016,307,14.38,14.43,13.82,13.91
6/9/2016,306,14.43,14.57,14.34,14.4
6/8/2016,305,14.51,14.78,14.28,14.42
6/7/2016,304,13.95,14.51,13.81,14.51
6/6/2016,303,14,14.06,13.73,13.93
6/5/2016,302,13.76,14.07,13.57,13.98
6/4/2016,301,13.86,13.95,13.42,13.74
6/3/2016,300,13.74,13.87,13.25,13.85
6/2/2016,299,13.99,14.05,13.63,13.74
6/1/2016,298,14.11,14.32,13.44,14
5/31/2016,297,12.74,14.27,12.64,14.08
5/30/2016,296,12.33,12.88,12.27,12.73
5/29/2016,295,12.11,12.69,11.78,12.35
5/28/2016,294,11.33,12.36,10.37,11.89
5/27/2016,293,12.39,12.39,10.5,11.3
5/26/2016,292,12.52,12.99,12.06,12.43
5/25/2016,291,12.79,12.9,11.77,12.53
5/24/2016,290,13.31,13.77,12.01,12.73
5/23/2016,289,14.28,14.49,13.19,13.46
5/22/2016,288,14.04,14.35,13.77,14.29
5/21/2016,287,13.69,14.05,13.12,14.02
5/20/2016,286,14.85,15.05,13.38,13.64
5/19/2016,285,13.54,14.87,13.34,14.77
5/18/2016,284,12.18,14.26,12.18,13.56
5/17/2016,283,11.19,12.49,11.15,12.2
5/16/2016,282,9.97,11.44,9.97,11.17
5/15/2016,281,10.24,10.44,9.93,9.96
5/14/2016,280,10.51,10.61,9.81,10.24
5/13/2016,279,10.06,11.05,10.02,10.51
5/12/2016,278,10,10.51,9.86,10.06
5/11/2016,277,9.43,10.01,9.39,10
5/10/2016,276,9.28,9.48,9.26,9.36
5/9/2016,275,9.49,9.64,9.2,9.3
5/8/2016,274,9.37,9.6,8.93,9.48
5/7/2016,273,9.32,9.48,9.21,9.37
5/6/2016,272,9.81,9.95,9.04,9.35
5/5/2016,271,9.4,10.05,9.29,9.83
5/4/2016,270,9.38,10.03,9.27,9.41
5/3/2016,269,10.17,10.17,9.28,9.31
5/2/2016,268,8.89,10.32,8.85,10.16
5/1/2016,267,8.78,9.01,8.43,8.85
4/30/2016,266,7.45,9.37,7.45,8.81
4/29/2016,265,7.21,7.73,7.17,7.46
4/28/2016,264,7.74,7.91,7.17,7.17
4/27/2016,263,7.39,7.97,7.32,7.76
4/26/2016,262,7.53,7.55,7.06,7.4
4/25/2016,261,8.01,8.09,7.24,7.55
4/24/2016,260,8.29,8.47,7.96,8
4/23/2016,259,7.79,8.55,7.74,8.29
4/22/2016,258,8.15,8.27,7.67,7.82
4/21/2016,257,8.45,8.72,7.96,8.1
4/20/2016,256,8.69,8.83,8.31,8.47
4/19/2016,255,9.08,9.31,8.6,8.71
4/18/2016,254,9.33,9.51,8.5,9.04
4/17/2016,253,8.62,9.7,8.56,9.31
4/16/2016,252,8.24,8.65,8.11,8.61
4/15/2016,251,8.39,8.62,8.1,8.24
4/14/2016,250,8.08,8.76,8.02,8.39
4/13/2016,249,7.44,8.72,7.07,8.04
4/12/2016,248,8.64,8.64,7.15,7.44
4/11/2016,247,8.94,8.95,8,8.64
4/10/2016,246,9.15,9.22,7.46,8.94
4/9/2016,245,9.69,10.09,9.07,9.15
4/8/2016,244,10.08,10.39,9.66,9.72
4/7/2016,243,10.7,10.81,9.95,10.07
4/6/2016,242,10.45,10.97,10.28,10.69
4/5/2016,241,11.21,11.21,10.13,10.44
4/4/2016,240,11.62,11.62,11.02,11.16
4/3/2016,239,11.63,11.71,11.51,11.62
4/2/2016,238,11.63,11.69,11.4,11.6
4/1/2016,237,11.4,11.85,11.4,11.66
3/31/2016,236,11.92,12.01,11.32,11.4
3/30/2016,235,11.61,12.18,11.47,11.95
3/29/2016,234,11.75,11.91,11.35,11.66
3/28/2016,233,10.43,11.86,10.41,11.67
3/27/2016,232,10.99,11.05,10.11,10.42
3/26/2016,231,10.77,11.18,10.59,10.97
3/25/2016,230,11.26,11.37,10.53,10.74
3/24/2016,229,12.44,12.5,10.8,11.23
3/23/2016,228,11.33,12.43,11.24,12.42
3/22/2016,227,11.88,12.03,11.18,11.27
3/21/2016,226,10.3,12.01,10.16,11.86
3/20/2016,225,10.52,10.9,9.57,10.32
3/19/2016,224,11.2,11.2,9.78,10.53
3/18/2016,223,11.11,11.18,8.52,11
3/17/2016,222,12.56,12.64,10.44,11.08
3/16/2016,221,13.02,13.73,12.5,12.52
3/15/2016,220,13,13.2,12.05,13.01
3/14/2016,219,14.51,15.01,11.58,12.45
3/13/2016,218,13.51,15.26,13.47,14.48
3/12/2016,217,11.13,13.53,11.09,13.53
3/11/2016,216,11.22,11.6,10.39,11.08
3/10/2016,215,11.88,12.24,10.99,11.31
3/9/2016,214,9.79,12.05,9.67,11.9
3/8/2016,213,9.58,10.17,8.82,9.85
3/7/2016,212,11.43,11.65,9.31,9.55
3/6/2016,211,11.2,11.84,9.99,11.38
3/5/2016,210,10.37,12.27,9.97,11
3/4/2016,209,9.24,10.41,8.48,10.41
3/3/2016,208,8.44,10.1,8.33,9.29
3/2/2016,207,7.63,8.75,7.37,8.47
3/1/2016,206,6.32,7.91,6.31,7.65
2/29/2016,205,6.46,6.61,6.05,6.34
2/28/2016,204,6.41,6.62,6.24,6.47
2/27/2016,203,5.96,6.53,5.92,6.43
2/26/2016,202,6.04,6.27,5.74,5.92
2/25/2016,201,6.19,6.65,5.55,6.1
2/24/2016,200,5.6,6.24,5.51,6.24
2/23/2016,199,5.68,5.95,5.39,5.59
2/22/2016,198,4.66,5.65,4.64,5.62
2/21/2016,197,4.36,4.71,4.23,4.65
2/20/2016,196,4.68,4.75,4.13,4.34
2/19/2016,195,4.38,4.79,4.27,4.74
2/18/2016,194,3.77,4.77,3.42,4.4
2/17/2016,193,4.29,4.77,3.5,3.76
2/16/2016,192,5.33,5.47,4.03,4.32
2/15/2016,191,5.33,5.89,5.02,5.29
2/14/2016,190,5.4,5.47,4.45,5.24
2/13/2016,189,5.69,5.72,4.19,5.39
2/12/2016,188,5.95,6.58,5.07,5.55
2/11/2016,187,4.5,6.29,4.34,6.01
2/10/2016,186,4,4.86,3.78,4.44
2/9/2016,185,3.17,4.04,3.17,4.04
2/8/2016,184,2.97,3.27,2.88,3.18
2/7/2016,183,2.54,3.06,2.54,2.96
2/6/2016,182,2.53,2.56,2.47,2.53
2/5/2016,181,2.57,2.61,2.47,2.54
2/4/2016,180,2.53,2.63,2.44,2.58
2/3/2016,179,2.43,2.54,2.34,2.53
2/2/2016,178,2.22,2.45,2.16,2.44
2/1/2016,177,2.32,2.32,2.12,2.21
1/31/2016,176,2.44,2.53,2.19,2.31
1/30/2016,175,2.51,2.61,2.4,2.45
1/29/2016,174,2.54,2.61,2.3,2.49
1/28/2016,173,2.41,2.68,2.34,2.53
1/27/2016,172,2.25,2.59,2.19,2.39
1/26/2016,171,2.53,2.84,1.99,2.28
1/25/2016,170,2.15,2.66,2.06,2.5
1/24/2016,169,1.9,2.3,1.9,2.14
1/23/2016,168,1.5,2.03,1.5,1.97
1/22/2016,167,1.55,1.58,1.47,1.5
1/21/2016,166,1.53,1.59,1.49,1.55
1/20/2016,165,1.36,1.62,1.35,1.53
1/19/2016,164,1.42,1.46,1.31,1.37
1/18/2016,163,1.33,1.54,1.32,1.43
1/17/2016,162,1.22,1.33,1.21,1.33
1/16/2016,161,1.22,1.31,1.17,1.22
1/15/2016,160,1.18,1.32,1.14,1.21
1/14/2016,159,1.12,1.19,1.1,1.19
1/13/2016,158,1.14,1.15,1.08,1.13
1/12/2016,157,1.07,1.28,1.05,1.14
1/11/2016,156,1,1.07,1,1.06
1/10/2016,155,0.99,1,0.98,1
1/9/2016,154,0.99,0.99,0.97,0.99
1/8/2016,153,0.94,0.99,0.94,0.99
1/7/2016,152,0.96,0.97,0.94,0.94
1/6/2016,151,0.95,0.96,0.94,0.95
1/5/2016,150,0.95,0.97,0.95,0.95
1/4/2016,149,0.97,0.98,0.93,0.95
1/3/2016,148,0.94,0.99,0.93,0.97
1/2/2016,147,0.95,0.97,0.94,0.94
1/1/2016,146,0.93,0.95,0.93,0.95
12/31/2015,145,0.91,0.98,0.91,0.93
12/30/2015,144,0.87,0.94,0.87,0.91
12/29/2015,143,0.84,0.87,0.83,0.87
12/28/2015,142,0.86,0.87,0.83,0.85
12/27/2015,141,0.85,0.86,0.84,0.86
12/26/2015,140,0.87,0.9,0.84,0.85
12/25/2015,139,0.86,0.88,0.86,0.87
12/24/2015,138,0.86,0.88,0.85,0.86
12/23/2015,137,0.86,0.88,0.86,0.86
12/22/2015,136,0.9,0.91,0.86,0.86
12/21/2015,135,0.91,0.92,0.89,0.9
12/20/2015,134,0.91,0.94,0.9,0.9
12/19/2015,133,0.92,0.93,0.89,0.91
12/18/2015,132,0.94,0.94,0.91,0.92
12/17/2015,131,0.99,1,0.91,0.94
12/16/2015,130,1.02,1.02,0.97,0.99
12/15/2015,129,0.99,1.03,0.98,1.01
12/14/2015,128,0.96,1.01,0.95,0.99
12/13/2015,127,0.97,0.99,0.94,0.95
12/12/2015,126,0.93,1.05,0.93,0.98
12/11/2015,125,0.84,0.93,0.82,0.93
12/10/2015,124,0.8,0.86,0.79,0.84
12/9/2015,123,0.82,0.82,0.77,0.79
12/8/2015,122,0.81,0.82,0.78,0.82
12/7/2015,121,0.84,0.85,0.79,0.81
12/6/2015,120,0.87,0.88,0.83,0.84
12/5/2015,119,0.84,0.87,0.82,0.86
12/4/2015,118,0.81,0.86,0.8,0.84
12/3/2015,117,0.82,0.84,0.79,0.81
12/2/2015,116,0.87,0.88,0.82,0.82
12/1/2015,115,0.88,0.89,0.85,0.87
11/30/2015,114,0.88,0.9,0.85,0.87
11/29/2015,113,0.91,0.91,0.86,0.88
11/28/2015,112,0.87,0.93,0.86,0.92
11/27/2015,111,0.88,0.9,0.86,0.87
11/26/2015,110,0.86,0.9,0.8,0.88
11/25/2015,109,0.89,0.9,0.85,0.86
11/24/2015,108,0.95,0.95,0.9,0.9
11/23/2015,107,0.97,0.97,0.93,0.95
11/22/2015,106,0.98,0.98,0.96,0.97
11/21/2015,105,0.93,0.98,0.92,0.98
11/20/2015,104,0.96,0.96,0.9,0.92
11/19/2015,103,0.99,1.01,0.94,0.96
11/18/2015,102,0.99,1.01,0.94,0.99
11/17/2015,101,0.92,1.03,0.91,1.01
11/16/2015,100,0.91,0.94,0.89,0.93
11/15/2015,99,0.89,0.92,0.88,0.91
11/14/2015,98,0.91,0.91,0.88,0.89
11/13/2015,97,0.91,0.92,0.85,0.9
11/12/2015,96,0.8,0.91,0.76,0.9
11/11/2015,95,0.94,0.95,0.73,0.79
11/10/2015,94,1,1.05,0.92,0.93
11/9/2015,93,1.03,1.11,0.95,1
11/8/2015,92,0.92,1.03,0.92,1.03
11/7/2015,91,0.92,0.94,0.86,0.93
11/6/2015,90,0.9,0.99,0.85,0.93
11/5/2015,89,0.9,0.99,0.86,0.9
11/4/2015,88,1.01,1.04,0.73,0.9
11/3/2015,87,0.99,1.07,0.94,1.01
11/2/2015,86,1.06,1.1,0.95,0.99
11/1/2015,85,0.92,1.08,0.9,1.06
10/31/2015,84,1.05,1.06,0.9,0.92
10/30/2015,83,1.21,1.35,0.97,1.04
10/29/2015,82,1.01,1.21,0.95,1.21
10/28/2015,81,0.87,1.06,0.81,1
10/27/2015,80,0.71,0.9,0.71,0.87
10/26/2015,79,0.62,0.76,0.6,0.73
10/25/2015,78,0.56,0.69,0.56,0.62
10/24/2015,77,0.54,0.58,0.52,0.56
10/23/2015,76,0.57,0.61,0.5,0.54
10/22/2015,75,0.45,0.62,0.42,0.57
10/21/2015,74,0.43,0.48,0.42,0.45
10/20/2015,73,0.49,0.5,0.43,0.43
10/19/2015,72,0.52,0.52,0.48,0.49
10/18/2015,71,0.55,0.55,0.51,0.52
10/17/2015,70,0.53,0.56,0.53,0.55
10/16/2015,69,0.56,0.57,0.52,0.54
10/15/2015,68,0.52,0.57,0.51,0.56
10/14/2015,67,0.61,0.61,0.48,0.52
10/13/2015,66,0.63,0.63,0.6,0.61
10/12/2015,65,0.63,0.66,0.63,0.63
10/11/2015,64,0.63,0.64,0.62,0.64
10/10/2015,63,0.64,0.65,0.62,0.63
10/9/2015,62,0.66,0.69,0.63,0.65
10/8/2015,61,0.61,0.63,0.59,0.62
10/7/2015,60,0.65,0.66,0.6,0.61
10/6/2015,59,0.62,0.65,0.61,0.65
10/5/2015,58,0.67,0.67,0.62,0.63
10/4/2015,57,0.69,0.69,0.66,0.67
10/3/2015,56,0.68,0.71,0.68,0.69
10/2/2015,55,0.68,0.69,0.65,0.68
10/1/2015,54,0.73,0.73,0.66,0.69
9/30/2015,53,0.66,0.75,0.64,0.74
9/29/2015,52,0.58,0.68,0.56,0.66
9/28/2015,51,0.72,0.73,0.56,0.58
9/27/2015,50,0.79,0.79,0.72,0.72
9/26/2015,49,0.74,0.79,0.71,0.79
9/25/2015,48,0.82,0.83,0.71,0.74
9/24/2015,47,0.9,0.91,0.79,0.81
9/23/2015,46,0.9,0.91,0.89,0.89
9/22/2015,45,0.92,0.92,0.87,0.9
9/21/2015,44,0.94,0.96,0.88,0.92
9/20/2015,43,0.88,0.95,0.87,0.94
9/19/2015,42,0.85,0.91,0.83,0.88
9/18/2015,41,0.87,0.89,0.83,0.85
9/17/2015,40,0.91,0.91,0.83,0.87
9/16/2015,39,0.94,0.95,0.9,0.91
9/15/2015,38,0.88,1.05,0.88,0.94
9/14/2015,37,0.94,0.95,0.87,0.88
9/13/2015,36,1.04,1.04,0.9,0.94
9/12/2015,35,0.99,1.11,0.97,1.04
9/11/2015,34,1.16,1.17,0.94,0.98
9/10/2015,33,1.21,1.22,1.14,1.17
9/9/2015,32,1.24,1.26,1.2,1.21
9/8/2015,31,1.25,1.28,1.23,1.24
9/7/2015,30,1.3,1.31,1.24,1.25
9/6/2015,29,1.34,1.37,1.29,1.3
9/5/2015,28,1.28,1.34,1.27,1.34
9/4/2015,27,1.26,1.3,1.24,1.27
9/3/2015,26,1.3,1.31,1.21,1.26
9/2/2015,25,1.35,1.35,1.26,1.29
9/1/2015,24,1.35,1.39,1.34,1.35
8/31/2015,23,1.32,1.4,1.2,1.36
8/30/2015,22,1.18,1.37,1.17,1.32
8/29/2015,21,1.19,1.21,1.15,1.18
8/28/2015,20,1.15,1.21,1.12,1.19
8/27/2015,19,1.17,1.19,1.14,1.15
8/26/2015,18,1.13,1.2,1.06,1.16
8/25/2015,17,1.23,1.24,1.13,1.14
8/24/2015,16,1.35,1.36,1.23,1.23
8/23/2015,15,1.38,1.41,1.3,1.35
8/22/2015,14,1.4,1.48,1.35,1.38
8/21/2015,13,1.48,1.56,1.35,1.4
8/20/2015,12,1.25,1.53,1.25,1.46
8/19/2015,11,1.17,1.32,1.17,1.26
8/18/2015,10,1.22,1.33,1.09,1.09
8/17/2015,9,1.58,1.58,1.19,1.2
8/16/2015,8,1.68,1.7,1.09,1.57
8/15/2015,7,1.8,1.88,1.57,1.69
8/14/2015,6,1.81,2.26,1.75,1.83
8/13/2015,5,1.22,1.97,1.17,1.83
8/12/2015,4,1.06,1.29,0.88,1.22
8/11/2015,3,0.71,1.13,0.66,1.07
8/10/2015,2,0.71,0.73,0.64,0.71
8/9/2015,1,0.71,0.88,0.63,0.7
8/8/2015,0,2.79,2.8,0.71,0.75
